"","Talaromyces_marneffei","Kluyveromyces_lactis","Yarrowia_lipolytica","Candida_glabrata","Aspergillus_fumigatus","Aspergillus_clavatus","Aspergillus_niger","Schizosaccharomyces_pombe","Talaromyces_stipitatus","Uncinocarpus_reesii","Clavispora_lusitaniae","Blastomyces_gilchristii","Schizosaccharomyces_cryophilus","Aspergillus_flavus","Candida_tropicalis","Debaryomyces_hansenii","Candida_dubliniensis","Komagataella_phaffii","Cryptococcus_neoformans","Encephalitozoon_cuniculi","Lachancea_thermotolerans","Schizophyllum_commune","Chaetomium_globosum","Botrytis_cinerea","Saccharomyces_cerevisiae","Encephalitozoon_intestinalis","Parastagonospora_nodorum","Sclerotinia_sclerotiorum","Colletotrichum_graminicola","Aspergillus_nidulans","Coccidioides_immitis","Meyerozyma_guilliermondii","Fusarium_verticillioides","Histoplasma_capsulatum","Aspergillus_terreus","Aspergillus_fischeri","Lodderomyces_elongisporus","Puccinia_graminis","Fusarium_oxysporum","Pyrenophora_tritici-repentis","Vanderwaltozyma_polyspora","Schizosaccharomyces_octosporus","Verticillium_dahliae","Paracoccidioides_lutzii","Paracoccidioides_brasiliensis","Nannizzia_gypsea","Trichophyton_benhamiae","Microsporum_canis","Coccidioides_posadasii","Nectria_haematococca","Trichophyton_rubrum","Trichophyton_verrucosum","Trichoderma_reesei","Trichoderma_atroviride","Malassezia_globosa","Sordaria_macrospora","Coprinopsis_cinerea","Neurospora_crassa","Candida_albicans","Aspergillus_oryzae","Cryptococcus_gattii_VGI","Metarhizium_robertsii","Scheffersomyces_stipitis","Neurospora_tetrasperma","Serpula_lacrymans","Chaetomium_thermophilum","Yamadazyma_tenuis","Spathaspora_passalidarum","Arthrobotrys_oligospora","Cordyceps_militaris","Thermothelomyces_thermophilus","Podospora_anserina","Naumovozyma_dairenensis","Leptosphaeria_maculans","Exophiala_dermatitidis","Vittaforma_corneae","Eremothecium_cymbalariae","Naumovozyma_castellii","Fusarium_graminearum","Torulaspora_delbrueckii","Wallemia_mellicola","Stereum_hirsutum","Punctularia_strigosozonata","Trametes_versicolor","Coniophora_puteana","Tremella_mesenterica","Coniosporium_apollinis","Trichosporon_asahii","Agaricus_bisporus","Fusarium_pseudograminearum","Kazachstania_africana","Wickerhamomyces_ciferrii","Penicillium_digitatum","Candida_orthopsilosis","Tetrapisispora_blattae","Sphaerulina_musiva","Heterobasidion_irregulare","Rhodotorula_toruloides","Ustilago_maydis","Baudoinia_panamericana","Gloeophyllum_trabeum","Pneumocystis_murina","Malassezia_sympodialis","Cyphellophora_europaea","Cladophialophora_carrionii","Phaeoacremonium_minimum","Wallemia_ichthyophaga","Pseudozyma_hubeiensis","Glarea_lozoyensis","Anthracocystis_flocculosa","Rhizophagus_irregularis","Kalmanozyma_brasiliensis","Kwoniella_pini","Pestalotiopsis_fici","Bipolaris_zeicola","Bipolaris_oryzae","Bipolaris_victoriae","Cladophialophora_yegresii","Cladophialophora_psammophila","Capronia_coronata","Tilletiaria_anomala","Aureobasidium_subglaciale","Aureobasidium_namibiae","Aureobasidium_pullulans","Scedosporium_apiospermum","Moesziomyces_antarcticus","Mitosporidium_daphniae","Penicillium_expansum","Metarhizium_brunneum","Fonsecaea_pedrosoi","Cladophialophora_bantiana","Cladophialophora_immunda","Exophiala_xenobiotica","Exophiala_oligosperma","Rhinocladiella_mackenziei","Exophiala_spinifera","Exophiala_mesophila","Verruconis_gallopava","Lachancea_lanzarotensis","Sporothrix_schenckii","Rasamsonia_emersonii","Cutaneotrichosporon_oleaginosum","Aspergillus_nomiae","Malassezia_pachydermatis","Rhodotorula_graminis","Kluyveromyces_marxianus","Debaryomyces_fabryi","Pneumocystis_jirovecii","Pneumocystis_carinii","Trichoderma_gamsii","Phialocephala_scopiformis","Xylona_heveae","Phycomyces_blakesleeanus","Sugiyamaella_lignohabitans","Alternaria_alternata","Fonsecaea_monophora","Fonsecaea_nubica","Fonsecaea_erecta","Purpureocillium_lilacinum","Pichia_membranifaciens","Wickerhamomyces_anomalus","Saitoella_complicata","Babjeviella_inositovora","Ascoidea_rubescens","Hyphopichia_burtonii","Cyberlindnera_jadinii","Suhomyces_tanzawaensis","Metschnikowia_bicuspidata","Ogataea_polymorpha","Colletotrichum_higginsianum","Cryptococcus_wingfieldii","Cryptococcus_amylolentus","Aspergillus_bombycis","Aspergillus_glaucus","Aspergillus_aculeatus","Talaromyces_atroroseus","Kockovaella_imperatae","Aspergillus_thermomutatus","Rhizopus_microsporus","Candida_auris","Aspergillus_candidus","Aspergillus_novofumigatus","Aspergillus_campestris","Aspergillus_steynii","Candida_haemuloni","Candida_duobushaemulonis","Candida_pseudohaemulonis","Trichoderma_harzianum","Trichoderma_asperellum","Trichoderma_citrinoviride","Pichia_kudriavzevii","Tilletiopsis_washingtonensis","Pseudomicrostroma_glucosiphilum","Aspergillus_neoniger","Aspergillus_brunneoviolaceus","Aspergillus_uvarum","Aspergillus_piperis","Aspergillus_aculeatinus","Aspergillus_japonicus","Aspergillus_ibericus","Aspergillus_homomorphus","Aspergillus_vadensis","Malassezia_restricta","Aspergillus_welwitschiae","Aspergillus_mulundensis","Aspergillus_tanneri","Byssochlamys_spectabilis","Alternaria_arborescens","Pyricularia_pennisetigena","Sporisorium_graminicola","Diutina_rugosa","Aspergillus_alliaceus","Aspergillus_pseudotamarii","Aspergillus_caelatus","Aspergillus_pseudonomius","Eremomyces_bilateralis","Macroventuria_anomochaeta","Aspergillus_lentulus","Arthroderma_uncinatum","Fusarium_venenatum","Fusarium_proliferatum","Ramularia_collo-cygni","Fusarium_fujikuroi","Encephalitozoon_hellem"
"13722.58cfa82fe4b0c9d6adf6b62c",0,0,0,0,1,0,0,0,0,0,0,2,0,0,0,0,0,0,0,0,0,0,0,0,0,0,0,0,0,0,0,0,0,3,0,0,0,1,0,0,0,0,0,0,1,0,1,0,0,0,1,0,0,0,12517,0,0,0,0,0,0,0,0,0,0,0,0,0,0,0,1,0,0,0,0,0,0,0,0,0,0,0,0,0,0,0,0,1,0,0,0,0,0,0,0,0,0,0,0,0,0,0,0,0,0,0,0,0,0,0,3,0,0,0,0,0,0,0,0,0,0,0,0,0,1,0,0,0,0,0,0,1,0,0,0,0,0,0,0,0,0,0,0,0,0,0,0,0,0,0,0,0,0,0,0,0,0,0,0,0,0,0,0,0,0,0,0,0,0,0,0,1,0,0,0,0,0,0,0,0,0,0,0,0,0,0,0,0,0,0,0,1,0,0,3,0,0,0,1,0,0,0,2,0,0,1,0,0,1,0,0,1,0,0,1,0,0,0,0,0,0,4,0,0
"13722.58cfa82ee4b0c9d6adf6af20",0,0,0,0,2,2,0,0,0,0,0,3,0,0,0,0,0,0,0,0,1,0,0,0,0,0,0,0,1,1,2,0,0,3,0,0,0,2,0,0,0,0,1,2,2,0,0,0,0,0,0,0,0,0,17941,0,0,2,0,0,0,0,0,0,0,0,0,0,1,0,3,0,0,2,0,0,0,0,0,0,0,0,0,0,0,0,0,63,0,0,0,0,0,0,0,0,2,0,0,0,0,0,0,0,0,0,0,0,0,0,2,0,0,0,0,0,0,1,0,0,0,0,0,1,0,0,0,0,0,0,0,1,0,0,0,0,0,0,0,0,0,1,0,0,0,0,0,0,0,0,0,1,1,0,0,0,0,0,0,0,0,0,0,0,0,0,0,0,0,0,0,3,0,5,0,0,0,0,0,0,0,0,0,0,0,0,0,0,1,0,1,0,0,1,1,2,0,0,5,1,1,0,3,0,0,7,2,1,3,1,0,3,4,0,5,0,0,0,0,0,0,182,0,0
"13722.58cfa82fe4b0c9d6adf6b669",0,0,0,0,1,1,0,0,0,0,0,1,0,1,0,0,0,0,0,0,0,0,0,1,0,0,0,0,0,1,2,0,0,2,0,0,0,0,0,0,0,0,0,3,1,0,1,0,0,0,0,0,0,0,20467,0,0,2,1,3,0,0,0,1,0,0,0,10,0,0,1,1,0,1,0,0,0,0,0,0,0,0,0,0,0,0,0,1,0,0,0,0,0,0,0,0,0,0,0,0,0,0,0,0,0,0,0,0,0,1,1,0,0,0,0,0,0,0,0,0,0,0,0,1,1,0,0,0,0,0,0,3,0,0,0,0,0,0,0,0,0,0,0,0,0,0,0,0,0,1,0,0,0,0,0,0,0,0,0,0,0,0,0,1,0,0,0,0,0,0,0,2,0,3,0,0,0,1,0,0,0,0,0,0,0,0,0,0,1,0,0,0,1,0,1,0,3,0,2,0,0,0,1,2,0,6,0,1,3,0,0,2,1,0,2,0,0,0,0,0,0,6,0,0
"13722.58cfa82fe4b0c9d6adf6b67c",0,0,0,0,0,1,0,0,0,0,0,2,0,2,0,0,0,0,0,0,3,0,0,0,0,0,0,0,0,0,0,0,0,2,0,0,0,0,0,0,0,0,0,1,0,0,2,0,3,0,2,0,0,0,15115,0,0,2,0,0,0,0,0,0,0,0,0,2,0,0,0,1,0,0,0,0,0,0,0,0,0,0,0,0,0,0,0,1638,0,0,0,0,0,0,0,0,0,0,0,0,0,0,0,0,0,0,0,0,0,0,3,0,0,0,0,1,0,0,0,0,1,4,0,0,1,7,0,0,0,0,0,1,0,0,1,0,0,0,0,0,0,15,0,0,0,0,0,0,0,0,2,0,1,0,0,2,0,0,0,0,0,0,0,1,1,0,0,0,0,0,0,1,0,2,0,0,0,3,0,0,3,0,0,0,0,1,0,0,0,4,0,3,0,1,1,7,0,23,5,10,0,0,4,9,0,1,0,4,5,0,0,3,7,0,8,0,0,0,0,0,0,6319,0,0
"13722.58cfa82fe4b0c9d6adf6b5f1",0,0,0,0,0,0,0,0,0,0,0,4,0,1,0,0,0,0,0,0,0,0,0,0,0,0,0,0,0,0,2,0,0,7,1,0,1,1,0,0,0,0,0,3,2,0,0,0,0,0,0,0,1,0,21194,0,0,0,1,0,0,0,0,0,0,0,0,0,0,0,0,0,0,3,1,0,0,0,0,0,0,0,0,0,0,0,0,198,0,0,0,0,0,0,0,0,0,0,0,0,0,0,0,0,0,0,0,0,0,0,2,0,0,0,0,0,0,0,0,0,0,0,0,0,2,1,0,0,0,0,0,3,0,0,0,0,0,0,0,0,0,0,0,0,0,0,0,0,0,0,0,0,2,0,0,0,0,0,0,0,0,1,0,1,1,0,0,0,0,0,0,2,0,0,0,0,0,1,0,0,0,0,0,0,0,0,0,0,2,0,0,0,0,3,0,1,1,1,2,1,1,1,0,1,0,1,0,0,5,0,0,1,2,0,2,0,0,0,0,0,0,760,0,0
"13722.58cfa82fe4b0c9d6adf6b686",0,0,1,0,2,0,0,0,0,0,0,3,0,0,0,0,0,0,0,0,0,0,0,0,0,0,0,0,0,0,1,0,0,4,0,0,0,2,1,0,0,0,0,0,2,0,0,0,0,0,0,0,1,0,38501,0,0,1,0,1,0,0,0,1,0,0,0,0,0,0,1,0,0,0,0,0,0,0,0,0,0,0,0,0,0,0,0,221,0,0,0,0,0,0,0,1,0,0,0,0,0,0,0,0,0,0,0,0,0,0,2,0,0,0,0,4,0,0,0,0,0,30,1,0,1,12,0,0,0,0,0,0,0,0,18,0,0,1,0,0,0,74,0,0,0,0,0,22,0,1,4,6,0,0,0,0,0,0,0,0,0,0,0,1,0,0,0,0,0,1,2,4,0,2,0,0,0,15,0,0,25,0,0,0,0,0,4,0,1,30,0,33,1,5,5,15,2,83,41,18,2,0,0,47,1,5,0,3,4,0,0,16,2,5,6,0,2,0,0,0,0,1129,0,0
"13722.58cfa82fe4b0c9d6adf6b6d8",0,0,0,0,0,0,0,0,0,0,0,1,0,1,0,0,0,0,0,0,1,0,0,0,0,0,0,0,1,0,0,0,0,3,0,0,2,0,0,0,0,0,0,4,1,0,0,0,2,0,1,0,0,0,22755,0,0,0,2,0,0,0,0,0,0,0,0,1,1,0,2,0,0,1,0,0,0,0,0,0,0,0,0,0,1,0,0,1,0,0,0,0,0,0,0,0,0,0,0,0,0,0,0,0,0,0,0,1,0,0,0,0,0,0,0,0,0,0,0,0,0,0,0,0,1,0,0,0,0,0,0,0,0,0,0,0,0,0,0,0,0,0,0,0,0,0,0,0,0,0,0,0,0,0,0,0,0,0,0,0,0,0,0,1,0,0,0,0,0,1,0,3,0,0,0,0,0,0,0,1,0,0,0,0,0,0,0,0,1,0,1,0,0,0,0,0,0,1,1,0,1,0,0,2,0,1,0,0,0,0,0,1,0,0,1,0,0,0,0,0,0,1,0,0
"13722.58cfa82fe4b0c9d6adf6b648",0,0,0,0,0,1,1,0,0,0,0,0,1,0,0,0,0,0,0,0,1,0,0,0,7,0,0,0,0,0,0,0,0,4,0,0,0,0,2,0,0,0,0,1,0,0,0,0,2,0,0,0,0,0,16730,0,1,1,0,0,0,0,0,0,0,0,0,0,0,0,0,0,0,1,0,0,0,0,0,0,0,0,0,0,0,2,0,26180,7,1,0,0,0,0,0,0,0,0,0,0,0,0,0,0,0,0,0,0,0,0,1,0,0,0,0,3,0,0,0,0,1,4,0,0,2,10,0,0,0,0,0,1,0,0,8,1,0,1,0,0,0,49,0,0,0,0,0,0,0,1,0,1,1,0,0,0,0,0,0,0,0,0,0,0,0,0,0,0,0,1,1,3,0,3,0,0,1,2,0,0,6,0,0,1,0,0,0,0,1,8,0,7,1,5,4,1,1,75,7,3,0,0,2,18,0,0,0,2,0,0,0,11,2,3,1,1,1,0,0,1,2,84188,1,0
"13722.58cfa82fe4b0c9d6adf6b60d",0,0,0,0,0,1,1,0,0,0,0,1,0,0,0,0,0,0,0,0,3,0,0,1,10,0,0,1,1,0,1,0,0,5,0,0,0,0,0,0,0,0,0,3,1,0,0,0,0,0,0,0,0,0,7599,5,0,0,0,0,0,0,0,0,0,0,0,0,1,0,1,0,0,1,0,0,0,0,0,0,0,1,0,0,0,0,2,18354,28,0,0,0,0,0,0,1,0,0,0,1,0,0,0,0,0,0,0,0,0,0,6,0,0,1,0,2,0,1,0,0,2,11,0,0,0,13,0,0,0,0,0,0,0,0,7,0,0,2,0,0,0,46,0,1,1,1,0,0,0,0,0,1,0,0,0,0,0,0,0,0,0,0,0,0,0,0,0,0,0,1,1,3,0,2,0,0,4,3,0,0,17,0,0,0,0,0,0,0,0,15,0,15,0,3,5,9,4,64,12,8,1,1,22,31,0,3,0,1,3,2,0,16,4,2,3,0,0,0,0,1,0,59823,0,0
"13722.58cfa82fe4b0c9d6adf6b748",0,0,0,0,0,0,1,0,0,0,0,1,0,0,0,0,0,2,0,0,0,0,0,0,0,0,0,0,0,0,1,0,0,3,0,0,0,0,0,0,0,0,0,1,1,1,0,0,0,0,0,0,0,0,25473,0,0,3,0,0,0,0,0,0,0,0,0,0,0,0,1,0,0,0,0,0,0,0,0,0,0,0,0,0,0,2,0,1,0,0,0,0,0,0,0,0,0,0,0,0,0,0,0,0,0,0,0,0,0,0,1,0,0,0,0,0,0,0,0,0,0,0,0,0,1,0,0,0,0,0,0,1,0,0,0,0,0,0,0,0,0,1,0,0,0,0,0,0,0,1,0,0,0,0,0,0,0,0,0,0,0,0,0,0,1,0,0,0,0,0,0,1,0,2,0,0,0,0,0,0,0,0,0,0,0,0,0,0,0,0,0,0,0,0,0,2,2,0,1,0,0,0,4,1,0,2,0,0,1,0,0,0,0,0,2,0,0,0,0,0,0,5,0,0
"13722.58cfa82fe4b0c9d6adf6b680",0,0,0,0,2,1,0,0,0,0,0,3,0,0,0,0,0,0,0,0,2,0,1,1,10,0,0,1,0,0,1,0,1,5,0,1,1,2,0,0,1,0,0,4,0,0,0,0,1,0,4,0,0,0,2487,2,0,1,0,1,0,0,0,2,0,1,0,0,0,0,1,0,0,7,0,0,0,0,0,0,0,0,0,0,0,1,0,38830,39,0,0,0,0,0,0,0,0,0,1,0,0,0,0,0,0,0,0,0,0,1,2,0,0,0,0,0,0,0,0,0,0,2,0,0,0,2,0,1,1,0,0,2,0,4,0,0,0,1,0,0,0,6,0,0,0,0,0,0,0,2,2,0,1,0,0,0,0,0,0,0,2,0,0,0,1,0,0,0,0,0,1,0,0,4,1,0,0,2,0,1,0,0,0,1,0,0,0,0,3,2,0,0,0,2,4,2,1,4,1,0,2,1,53,2,0,10,4,0,6,1,1,1,1,0,3,0,0,0,0,0,1,114018,2,0
"13722.58cfa82fe4b0c9d6adf6b7ca",0,0,0,0,0,2,1,0,0,0,0,2,0,0,0,0,0,0,0,0,1,0,0,0,0,0,0,0,0,0,0,0,0,1,0,0,0,1,0,0,0,0,0,1,0,0,0,0,0,0,1,0,0,1,23172,0,0,1,0,0,0,0,0,1,0,0,0,0,0,0,1,1,0,0,0,0,0,0,0,0,0,0,0,0,0,0,0,3,0,0,0,0,0,0,0,0,0,0,0,0,0,0,0,0,0,0,0,0,0,0,1,0,0,0,0,0,0,0,0,0,0,0,0,0,1,0,0,0,0,0,0,0,0,0,0,0,0,0,0,0,0,0,0,0,0,0,0,0,0,0,0,0,0,0,0,0,0,1,0,0,0,0,0,0,0,0,0,0,0,0,0,2,0,0,0,0,0,0,0,0,0,0,0,0,0,0,0,0,0,0,0,0,0,0,1,0,1,0,0,0,0,0,0,0,0,1,0,0,1,0,0,1,0,0,1,0,0,0,0,0,0,8,0,0
"13722.58cfa82fe4b0c9d6adf6b8c0",0,0,0,0,0,0,1,0,0,0,0,0,0,0,0,0,0,0,0,0,0,0,0,0,0,0,0,0,0,0,0,0,0,0,0,0,0,0,0,0,0,0,0,0,1,0,0,0,0,0,1,0,0,0,20640,0,0,1,0,0,0,0,0,0,0,0,0,0,0,0,0,0,0,1,6,0,0,0,0,0,0,0,0,0,0,0,0,1,0,0,0,0,0,0,0,0,0,0,0,0,0,0,0,0,0,0,0,0,0,0,0,0,0,0,0,0,0,0,0,0,0,0,0,0,0,0,0,0,0,0,0,0,0,0,0,0,0,1,0,0,0,1,0,0,0,0,0,0,0,0,0,0,1,0,0,0,0,0,0,0,0,0,0,0,1,0,0,0,0,0,0,5,0,2,0,1,0,2,0,0,0,0,0,0,0,0,0,0,0,0,0,0,0,1,0,1,0,1,1,0,0,0,6,1,0,1,0,2,0,0,0,0,2,0,1,0,0,0,0,0,0,3,0,0
"13722.58cfa82fe4b0c9d6adf6b6fc",0,0,3,0,0,0,0,0,0,0,0,0,0,0,0,0,0,0,0,0,1,0,1,0,6,0,0,1,0,0,0,0,0,4,0,0,0,0,0,0,0,0,2,0,2,0,0,0,1,0,0,0,0,0,4813,0,0,2,0,0,0,0,0,1,0,0,0,0,0,0,0,3,0,1,0,0,0,0,0,0,0,1,0,0,0,2,0,141,1,0,0,0,0,0,0,0,0,0,0,0,0,0,0,0,0,0,0,0,0,0,1,0,0,0,0,4,2,0,0,0,0,52,0,0,0,23,0,0,0,1,0,3,0,0,12,3,0,2,0,0,0,73,0,0,0,0,0,0,0,1,1,11,0,0,0,0,0,0,0,0,0,0,0,0,0,0,0,0,0,0,1,4,0,1,0,0,2,21,0,0,20,0,0,0,0,0,6,0,1,49,0,23,3,12,14,27,2,29,40,40,0,0,8,51,0,3,0,9,2,0,0,36,3,3,3,2,1,0,0,0,0,1272,0,0
"13722.58cfa82fe4b0c9d6adf6b8d9",0,0,1,0,0,0,0,0,0,0,0,4,0,0,0,0,0,0,0,0,0,0,0,0,0,0,0,0,0,0,0,0,0,1,0,1,0,1,0,0,0,0,0,1,2,0,0,0,2,0,0,0,0,0,34851,0,0,2,1,1,0,0,0,1,0,0,0,0,0,0,2,0,0,2,0,0,0,0,0,0,0,0,0,0,0,0,0,20,0,0,0,0,0,0,0,0,0,0,0,0,0,0,0,0,0,0,0,0,1,0,3,0,0,0,0,0,0,0,0,0,0,0,1,0,4,0,0,0,0,0,0,0,0,0,0,0,0,0,0,0,0,0,0,0,0,0,0,0,0,0,0,0,2,0,0,0,0,0,0,0,0,1,0,0,0,0,0,0,0,0,0,1,0,4,0,0,0,0,0,3,0,0,0,1,0,0,0,0,1,0,0,0,0,0,2,1,0,0,3,1,0,1,4,0,0,7,0,0,3,0,0,1,2,0,6,0,0,0,0,0,0,60,0,0
"13722.58cfa830e4b0c9d6adf6bb6a",0,0,0,0,0,1,0,0,0,0,0,2,0,0,0,0,0,2,0,0,0,0,0,0,0,0,0,0,0,0,0,0,0,1,0,0,0,0,2,0,0,0,0,0,0,0,0,0,0,0,0,0,0,0,15094,0,0,0,0,0,0,0,0,0,0,0,0,1,0,0,1,0,0,0,0,0,0,0,0,0,0,0,0,0,0,1,0,504,0,0,0,0,0,0,0,0,0,0,0,0,0,0,0,0,0,0,0,0,0,0,1,0,0,0,0,0,0,0,0,0,0,0,0,0,0,0,0,0,0,0,0,0,0,0,0,0,0,0,0,0,0,0,0,0,2,0,0,0,0,1,0,0,0,0,0,0,0,0,0,0,0,0,0,2,0,0,0,2,0,0,0,1,0,0,0,0,0,0,0,0,0,0,0,0,0,0,0,0,0,0,0,1,0,0,0,0,0,0,0,0,1,0,0,0,0,2,0,0,1,0,0,0,2,0,1,0,0,0,0,0,0,1588,0,0
"13722.58cfa82fe4b0c9d6adf6b6f8",0,0,0,0,0,0,1,0,0,0,0,2,0,0,0,2,0,0,0,0,0,1,0,2,0,0,0,1,0,0,2,0,0,2,0,1,2,2,0,0,0,0,1,1,2,0,0,0,2,0,0,0,1,0,8661,1,0,1,0,0,0,0,0,0,0,1,0,0,0,0,1,0,0,0,0,0,0,0,0,0,0,1,0,0,0,1,0,0,0,0,0,1,0,0,0,0,0,0,0,0,0,0,0,0,0,0,0,0,0,0,3,0,0,0,0,0,0,0,0,0,0,0,0,0,1,0,0,0,0,0,0,1,0,0,0,0,0,0,0,0,0,0,0,0,0,0,0,0,0,0,0,0,0,0,0,0,0,0,0,0,0,0,0,0,1,0,0,0,0,0,0,1,0,0,0,0,0,0,1,1,0,0,0,1,0,0,0,0,1,0,0,0,0,0,0,2,0,0,0,0,2,0,24,2,0,2,0,1,2,0,0,2,2,0,5,0,0,0,1,0,1,3,0,0
"13722.58cfa82fe4b0c9d6adf6b6c4",0,0,0,0,0,0,0,0,0,0,0,0,1,0,0,0,0,2,0,0,0,0,0,0,0,0,0,0,0,0,0,0,0,1,0,1,0,0,0,0,0,0,0,0,0,0,0,0,1,0,0,0,0,0,20626,0,0,2,0,0,0,0,0,0,0,0,0,0,0,0,0,0,0,2,0,0,0,0,0,0,0,0,0,0,0,2,0,3,0,0,0,0,0,0,0,0,0,0,0,0,0,0,0,0,0,0,0,0,0,0,0,0,0,0,0,0,0,0,0,0,0,0,0,0,0,0,0,0,0,0,0,0,0,0,0,0,0,0,0,0,0,0,0,0,0,0,0,0,0,0,0,0,0,0,0,0,0,0,0,0,0,0,0,0,0,0,0,0,0,0,0,3,0,2,0,0,0,0,0,0,0,0,0,0,0,0,0,0,0,0,0,0,0,0,0,0,0,0,0,0,0,0,2,1,0,1,0,0,1,0,0,0,2,0,1,0,0,0,0,0,0,6,0,0
"13722.58cfa82ee4b0c9d6adf6b092",1,0,0,0,0,0,0,0,0,0,0,1,0,0,0,0,0,0,0,0,0,0,0,0,0,0,1,0,0,0,1,0,0,0,0,0,0,0,0,0,0,0,0,2,2,0,0,0,1,0,0,0,0,0,12461,0,0,1,0,0,0,0,0,0,0,0,0,0,0,0,0,0,0,0,0,0,0,0,0,0,0,0,0,0,0,0,0,190,0,0,0,0,0,0,1,0,0,0,0,0,0,0,0,0,0,0,0,0,0,0,0,0,0,0,0,0,0,0,0,0,0,0,0,0,1,1,0,0,0,0,0,0,0,0,0,0,0,0,0,0,0,0,0,0,0,0,0,0,0,0,0,0,0,0,0,0,0,0,0,0,0,0,0,0,0,0,0,0,0,0,0,1,0,0,0,0,0,0,0,1,0,0,0,2,0,0,0,0,0,0,0,0,0,0,0,1,0,0,0,0,0,0,3,0,0,0,0,0,2,0,0,0,1,0,1,0,0,0,0,0,0,603,0,0
"13722.58cfa82fe4b0c9d6adf6b62e",0,0,0,0,0,1,0,0,0,0,0,0,1,0,0,0,0,0,0,0,0,0,0,1,0,0,0,0,0,0,1,0,0,4,0,0,1,0,0,0,0,0,0,1,0,0,0,0,2,0,0,0,0,0,17955,0,0,2,0,0,0,0,0,0,0,0,0,5,0,0,0,0,0,0,0,0,0,0,0,0,0,0,0,0,0,0,0,2178,0,0,0,0,0,0,0,1,0,0,0,0,0,0,0,0,0,0,0,0,0,0,2,0,0,0,0,0,0,0,0,0,0,0,0,0,0,0,0,0,0,0,0,3,0,0,0,0,0,0,0,0,0,1,0,0,0,0,0,0,0,4,0,0,2,0,0,0,0,0,0,0,0,0,0,2,0,0,1,2,0,0,0,3,0,1,0,0,0,0,0,1,0,0,0,0,0,0,0,0,0,1,0,0,0,0,1,0,2,1,0,1,0,0,8,0,0,7,0,0,1,0,0,0,0,0,4,0,0,0,0,0,0,6925,0,0
"13722.58cfa82fe4b0c9d6adf6b696",0,0,1,0,1,0,1,0,0,0,0,5,0,1,0,0,0,0,0,0,1,0,1,1,9,0,0,0,0,2,1,0,1,9,1,0,1,0,3,0,0,0,1,8,3,0,5,0,4,0,4,0,1,0,24214,0,0,4,0,2,0,0,0,5,0,0,0,0,0,0,1,0,0,1,0,0,0,0,0,0,0,0,0,0,0,0,1,9481,4,0,0,0,0,0,0,0,0,0,1,0,0,0,0,0,0,0,0,0,0,0,7,0,0,0,0,0,0,0,0,0,0,0,0,0,2,0,0,1,0,0,0,2,0,0,1,0,0,0,0,0,0,1,0,1,0,0,0,0,0,1,0,1,2,0,0,1,0,0,0,0,0,0,0,0,1,0,0,0,0,0,0,1,0,2,0,0,0,2,0,4,1,0,0,4,1,0,0,0,3,1,0,1,1,6,3,5,7,2,3,2,0,2,87,4,0,5,1,2,6,2,0,4,7,0,9,0,0,0,0,2,0,34616,0,0
"13722.58cfa82fe4b0c9d6adf6b701",0,0,0,0,0,1,0,0,0,0,0,3,0,0,0,0,0,0,0,0,1,0,1,0,0,0,0,0,0,0,1,0,0,3,0,0,0,3,0,0,0,0,0,3,1,0,0,0,0,0,0,0,0,0,27902,0,0,0,0,0,0,0,0,1,0,0,0,12,0,0,1,0,0,0,0,0,0,0,0,0,0,0,0,0,0,0,0,0,0,0,0,0,0,1,0,0,0,0,0,0,0,0,0,0,0,0,0,0,0,0,1,0,0,0,0,0,0,0,0,0,0,0,0,0,1,0,0,0,0,0,0,10,0,0,0,0,0,1,0,0,0,0,0,0,0,0,0,0,0,0,1,0,1,0,1,0,0,0,0,0,0,0,0,1,0,0,0,0,0,0,0,0,0,2,0,0,0,0,0,0,0,0,0,0,0,0,0,0,0,0,1,1,0,0,2,1,1,0,0,1,0,0,5,0,0,2,0,1,0,0,0,0,0,0,1,0,0,0,0,0,0,2,0,0
"13722.58cfa82fe4b0c9d6adf6b8d4",0,0,1,1,2,0,0,0,0,0,0,0,0,0,0,0,0,0,0,0,0,0,0,0,0,0,0,0,0,0,0,0,0,3,0,0,0,0,0,0,0,0,0,1,1,0,0,0,0,0,0,0,0,0,36757,0,0,1,1,1,0,0,0,0,0,0,0,0,0,0,1,0,0,3,0,0,0,0,0,0,0,0,0,0,0,0,1,14,0,0,0,0,0,0,0,0,0,0,0,0,0,0,0,0,0,0,0,0,0,0,0,0,0,0,0,0,0,0,0,0,0,0,0,0,0,0,0,0,0,0,0,0,0,0,0,0,0,0,0,0,0,0,0,0,0,0,0,0,0,0,0,0,0,0,0,0,0,0,0,0,0,0,0,0,0,0,0,0,0,0,0,2,0,1,0,0,0,2,0,0,0,0,0,0,0,0,0,0,1,1,0,1,0,0,0,0,2,0,1,0,0,0,0,0,0,2,0,2,0,0,0,0,3,0,1,0,0,0,0,0,0,40,0,0
"13722.58cfa82fe4b0c9d6adf6b896",0,0,0,0,0,0,0,0,0,0,0,0,0,0,0,0,0,0,0,0,0,0,0,0,0,0,0,1,0,0,0,0,0,0,0,0,0,42,0,0,0,0,0,3,0,0,2,0,0,0,0,0,0,0,14974,0,0,1,0,0,0,0,0,0,0,0,0,0,0,0,1,0,0,0,0,0,0,0,0,0,0,0,0,0,0,0,0,0,0,0,0,1,0,0,0,0,0,0,0,0,0,0,0,0,0,0,0,0,0,0,2,0,0,0,0,0,0,0,0,0,1,0,0,0,0,0,0,0,0,0,0,2,0,0,0,0,0,0,0,0,0,2,0,0,0,0,0,0,0,1,0,0,1,0,0,0,0,0,0,0,0,0,0,1,0,0,0,0,0,0,0,2,0,0,0,0,0,2,0,0,0,0,0,0,0,0,0,0,1,0,0,0,0,0,0,0,0,1,0,0,0,0,5,2,0,1,0,1,1,1,0,0,0,0,4,0,2,0,0,0,0,1,1,0
"13722.58cfa82fe4b0c9d6adf6b8f2",0,0,0,0,0,1,0,0,0,0,0,0,0,0,0,0,0,0,0,0,0,0,0,0,0,0,0,0,1,0,1,0,1,2,0,0,1,1,0,0,0,0,0,1,1,0,0,0,1,0,0,0,0,0,14384,0,0,0,1,0,0,0,0,1,0,0,0,0,0,0,2,0,0,0,0,0,0,0,0,0,0,0,0,0,0,3,0,0,0,0,0,0,4,0,0,0,0,0,0,0,0,0,0,0,0,0,0,0,0,0,1,0,0,0,0,0,0,0,0,0,0,0,0,0,0,0,0,0,0,0,0,0,0,0,0,0,0,0,0,0,0,1,0,0,0,0,0,0,0,0,0,0,2,0,0,0,0,0,0,0,0,0,0,1,0,0,0,1,0,0,0,2,0,1,0,0,0,0,0,0,0,0,0,0,0,0,0,0,1,0,0,0,0,0,0,0,1,0,0,0,0,0,4,1,0,0,0,0,0,0,0,0,0,0,0,0,0,0,0,0,0,2,1,0
"13722.58cfa82fe4b0c9d6adf6b697",0,0,0,0,0,0,0,0,0,0,0,1,0,1,0,0,0,0,0,0,0,0,0,0,6,0,0,0,0,0,2,0,1,4,0,0,0,2,0,0,0,0,0,1,2,0,0,0,2,0,0,0,0,0,22396,0,0,2,1,2,0,0,0,1,0,0,0,1,0,0,3,0,0,2,0,0,0,0,0,0,0,1,0,0,0,2,0,28833,26,0,0,0,0,0,0,0,0,0,0,0,0,0,0,0,0,0,0,0,2,0,2,0,0,0,0,1,0,0,0,0,0,2,0,0,2,2,0,0,0,0,0,0,0,0,2,0,0,1,0,0,0,36,0,0,0,0,0,0,0,0,0,1,1,0,0,0,0,0,0,0,0,0,0,4,0,0,0,0,0,0,1,1,0,3,0,0,1,2,0,1,6,0,0,1,0,0,0,0,1,6,0,6,0,1,2,8,2,37,8,2,0,3,3,18,0,4,0,1,2,2,0,4,2,1,2,1,0,0,0,0,3,96488,3,0
"13722.58cfa82fe4b0c9d6adf6b904",0,0,0,0,0,0,0,0,0,0,0,1,0,1,0,0,0,0,0,0,0,0,0,0,0,0,0,2,0,0,0,0,0,3,0,0,0,0,0,0,0,0,0,4,1,1,0,0,2,0,2,0,0,0,14445,0,0,3,0,0,0,0,0,0,0,0,0,0,0,0,1,0,0,1,0,0,0,0,0,0,0,0,0,0,0,0,0,0,0,0,0,0,9,0,0,0,0,0,0,0,0,0,0,0,0,0,0,0,0,0,4,0,0,0,0,0,0,0,0,0,0,0,0,0,1,0,0,0,0,0,0,0,0,0,0,0,0,0,0,0,0,0,0,0,0,0,0,0,0,0,0,0,0,0,0,0,0,0,0,0,0,1,0,0,0,0,0,1,0,1,0,3,0,2,0,0,0,1,0,1,0,0,0,1,0,1,0,0,2,0,1,1,0,1,2,1,1,0,1,0,0,1,9,1,0,2,0,1,5,0,0,0,8,0,3,0,0,0,0,0,0,0,0,0
"13722.58cfa82fe4b0c9d6adf6b9ea",0,0,0,0,0,0,0,0,0,0,0,2,0,1,0,0,0,0,0,0,0,0,0,0,2,0,0,1,0,0,0,0,0,0,0,0,0,0,0,0,0,0,0,1,0,0,0,0,1,0,0,0,0,0,29637,0,0,2,0,0,0,0,0,0,0,0,0,2,1,0,0,0,0,3,0,0,0,0,0,0,0,0,0,0,0,0,0,39,2,0,0,0,0,0,0,0,0,0,0,0,0,0,0,0,0,0,0,0,0,0,3,0,0,0,0,1,0,0,1,0,0,0,0,0,0,0,0,0,0,0,0,2,0,0,0,0,0,0,0,0,0,2,0,0,0,0,0,0,0,1,0,0,0,0,0,0,0,0,0,0,0,0,0,0,0,0,0,0,0,0,0,2,0,4,0,0,0,4,0,1,0,0,0,0,0,0,0,0,1,5,0,0,1,0,2,1,0,4,1,2,0,0,0,0,0,1,0,5,4,0,0,1,4,0,0,0,0,0,0,0,0,191,0,0
"13722.58cfa82fe4b0c9d6adf6b9dd",0,0,0,0,0,0,0,0,0,0,0,1,0,0,0,0,0,0,0,0,0,0,0,2,1,0,0,1,0,0,0,0,0,2,0,0,1,0,1,0,0,0,0,0,0,0,0,0,1,0,0,0,0,0,11780,0,0,2,3,0,0,1,0,1,0,0,0,1,0,0,1,5,0,0,0,0,0,0,0,0,0,1,1,0,0,1,0,65,4,0,0,0,0,0,0,0,0,0,0,0,0,0,2,0,0,0,0,2,0,0,1,0,0,0,0,16,0,0,0,0,0,46,0,0,0,7,0,0,0,0,0,1,0,0,43,1,0,4,0,0,0,163,0,0,0,0,0,1,0,2,4,6,0,0,1,0,0,0,0,0,0,0,0,0,0,0,0,0,0,0,0,4,0,4,0,0,2,17,0,0,56,0,0,0,0,0,6,0,0,44,0,65,3,5,24,21,5,144,45,68,2,3,30,244,0,3,0,7,2,0,0,16,1,1,1,1,1,0,0,0,1,211,1,0
"13722.58cfa82fe4b0c9d6adf6b9c6",1,0,0,0,0,2,3,0,0,0,2,5,0,2,0,7,0,0,0,0,1,0,1,6,7,0,1,0,1,1,1,0,0,5,0,13,1,1,1,0,0,0,0,3,2,0,2,0,1,0,0,0,1,1,12639,0,0,3,0,2,0,0,0,3,0,0,0,2,0,0,3,0,0,2,0,0,0,0,1,0,0,0,0,0,0,0,0,22807,36,0,0,0,2,2,0,2,0,0,0,0,0,0,0,0,0,0,0,0,0,0,3,0,0,1,0,1,0,0,0,0,0,0,0,19,3,1,0,7,1,0,0,0,0,0,0,0,0,0,0,0,0,9,1,0,0,0,0,0,0,5,2,0,1,0,5,0,0,0,0,0,0,0,0,2,0,0,0,0,0,1,0,0,1,10,0,3,0,1,0,0,1,0,0,1,0,0,0,0,1,2,0,3,0,0,1,3,3,5,2,1,0,2,159,4,1,6,0,11,9,0,0,4,4,1,3,1,1,0,0,1,3,71032,2,0
"13722.58cfa82ee4b0c9d6adf6aee7",0,0,0,0,0,2,0,0,0,0,0,2,0,0,0,0,0,0,0,0,0,0,0,0,0,0,0,0,1,0,0,0,0,2,0,0,1,0,0,0,0,0,1,1,0,0,0,0,1,0,0,0,2,0,17239,0,0,2,0,1,0,0,0,0,0,0,0,0,0,0,0,0,0,3,0,0,0,0,0,0,0,0,0,0,0,2,0,15,0,0,0,0,0,0,0,0,0,0,0,0,0,0,0,0,0,0,0,0,0,0,2,0,0,0,0,0,0,0,0,0,0,0,0,0,1,0,0,0,0,1,0,0,0,0,0,0,0,0,0,0,0,0,0,0,0,0,0,0,0,0,0,0,3,0,0,0,0,0,0,0,0,1,0,0,0,0,0,0,0,0,0,2,0,0,0,0,0,0,0,0,0,0,0,0,0,0,0,0,2,0,0,1,0,2,0,0,1,0,0,0,0,0,13,1,0,6,1,0,2,0,0,0,3,1,6,0,0,0,0,0,0,51,0,0
"13722.58cfa82ee4b0c9d6adf6ae6c",0,0,0,0,0,0,0,0,0,0,0,1,0,0,0,0,0,0,0,0,0,1,0,0,0,0,0,0,0,0,0,0,0,1,0,0,2,0,0,0,0,0,0,1,0,0,0,0,1,0,0,0,0,0,17431,0,0,0,0,0,0,0,0,0,0,0,0,5,0,0,1,0,0,0,0,0,0,0,0,0,0,0,0,0,0,2,0,11,0,0,0,0,0,0,0,0,0,0,0,0,0,0,0,0,0,0,0,0,0,0,1,0,0,0,0,0,0,0,0,0,0,0,0,0,0,0,0,0,0,0,0,4,0,0,0,0,0,0,0,0,0,2,1,0,0,0,0,0,0,0,0,0,2,0,0,0,0,0,0,0,0,0,0,4,0,0,0,0,0,0,0,2,0,4,0,0,0,0,0,0,0,0,0,0,0,0,0,0,0,0,1,0,0,0,0,1,0,0,1,0,0,0,4,0,0,1,0,0,1,0,0,1,1,0,3,0,0,0,0,0,0,38,0,0
"13722.58cfa82fe4b0c9d6adf6b5dc",0,0,0,0,1,0,0,0,0,0,0,1,0,1,0,0,0,0,0,0,1,0,0,0,3,0,0,0,0,0,2,0,0,3,1,0,1,0,1,0,0,0,0,1,2,0,0,0,0,0,0,0,0,0,17031,0,0,2,0,1,0,0,0,1,0,0,0,1,0,0,0,0,0,0,0,0,0,0,0,0,0,0,0,0,0,1,0,6711,8,0,0,0,0,0,0,0,0,0,0,0,0,0,0,0,0,0,0,0,0,1,6,0,0,0,0,1,0,0,0,0,1,0,0,0,1,0,0,0,0,0,0,0,0,0,0,0,0,1,0,0,0,0,0,0,0,0,0,0,0,0,0,0,0,0,0,1,0,0,0,0,0,0,0,0,0,1,0,1,0,1,0,1,0,2,0,0,0,0,0,0,0,0,0,0,0,0,0,0,0,0,0,1,0,1,0,0,4,0,0,0,0,0,1,0,0,1,0,0,0,0,0,0,3,0,3,0,0,0,0,1,0,21711,0,0
"13722.58cfa82fe4b0c9d6adf6b69c",0,0,0,0,1,1,0,0,0,0,0,2,0,1,0,0,0,2,0,0,1,0,0,0,0,0,0,1,0,1,0,0,0,7,0,1,0,2,0,0,0,0,0,4,3,0,1,0,1,0,0,0,1,0,20664,0,0,1,1,0,0,0,0,3,0,0,0,1,0,0,4,0,0,0,0,0,0,0,0,0,0,0,0,0,0,2,0,7,0,0,0,0,0,0,0,0,0,0,0,0,0,0,0,0,0,0,0,0,0,2,3,0,0,0,0,1,0,0,0,0,0,0,0,0,2,0,0,0,0,0,0,1,0,0,0,0,0,1,0,0,0,2,0,0,0,0,0,0,0,0,2,0,1,0,0,1,1,0,0,0,0,0,0,1,0,0,0,0,0,0,0,5,0,5,0,1,0,1,0,0,0,0,1,0,0,0,0,0,1,1,0,0,0,0,0,2,0,1,0,0,0,1,11,3,0,4,0,2,5,1,0,0,4,0,6,0,0,0,0,0,0,15,0,0
"13722.58cfa82ee4b0c9d6adf6afae",0,1,0,0,1,2,0,0,0,0,0,4,0,0,0,7,0,0,0,0,3,0,2,10,20,0,0,1,0,0,0,0,1,3,0,2,0,0,0,0,0,0,0,3,1,0,0,0,1,0,1,0,1,1,7689,1,0,2,0,1,0,0,0,0,0,0,0,0,0,0,1,1,0,1,0,0,0,0,0,0,0,0,1,0,0,1,0,11616,39,2,0,0,4,2,0,0,0,0,0,0,0,0,2,0,0,0,0,0,0,1,3,1,0,1,1,5,0,0,0,0,0,18,2,8,0,18,0,4,0,2,0,0,0,0,19,3,0,1,0,0,0,116,0,4,1,1,0,0,0,0,0,3,0,0,5,1,0,0,0,0,0,1,1,0,2,2,0,0,0,0,2,1,0,1,0,0,6,14,0,0,30,0,1,0,0,0,1,0,0,33,2,33,0,6,13,19,2,196,33,18,2,1,675,72,0,4,0,14,4,2,0,28,3,8,3,2,0,0,0,0,4,41634,1,0
"13722.58cfa82fe4b0c9d6adf6b720",0,0,0,0,0,0,0,0,0,0,0,2,0,0,0,0,0,0,0,0,0,0,1,0,4,0,0,0,0,0,1,0,0,5,0,0,1,0,0,0,0,0,0,1,0,0,0,0,0,0,1,0,0,0,6957,1,0,2,0,2,0,0,0,2,0,0,0,0,0,0,3,0,0,2,0,0,0,0,0,0,0,0,0,0,0,0,0,1741,8,0,0,0,0,0,0,0,0,0,0,0,0,0,0,0,0,0,0,0,0,0,2,0,0,0,0,0,0,0,1,0,1,0,1,0,1,2,0,0,0,0,0,2,0,0,0,0,0,0,0,0,0,5,0,0,0,0,0,0,0,0,0,0,0,0,0,0,0,0,0,0,0,0,0,0,0,2,0,0,0,1,0,1,0,3,0,0,0,0,0,2,0,0,0,0,0,0,0,0,2,1,0,1,0,2,1,2,1,3,5,1,0,1,10,3,0,6,0,0,4,0,0,1,1,0,5,0,0,0,0,0,0,6925,0,0
"13722.58cfa82fe4b0c9d6adf6b6b3",0,0,0,0,0,0,0,0,0,0,0,1,0,0,0,0,0,0,0,0,0,0,0,0,0,0,0,0,0,0,0,0,0,2,0,5,0,2,0,0,0,0,0,3,1,0,0,0,2,0,1,0,0,0,26880,0,0,0,0,0,0,0,0,0,0,0,0,0,0,0,1,0,0,0,0,0,0,0,0,0,0,0,0,0,0,0,0,3,0,0,0,0,0,0,0,0,0,0,0,0,0,0,0,0,0,0,0,0,0,0,0,0,0,0,0,0,0,0,0,0,0,0,0,0,2,0,0,0,0,0,0,0,0,0,0,0,0,0,0,0,0,1,0,0,0,0,0,0,0,1,0,0,0,0,0,0,0,0,0,0,0,0,0,0,0,0,0,1,0,0,0,2,0,3,0,0,0,1,0,0,0,0,0,0,0,0,0,0,1,2,0,1,0,2,0,0,1,3,0,0,0,0,2,3,0,2,0,1,2,0,0,0,4,1,3,0,0,0,0,0,0,9,0,0
"13722.58cfa82ee4b0c9d6adf6ae60",0,0,2,0,0,2,0,0,0,0,0,0,0,2,0,0,0,0,0,0,0,0,0,1,30,0,1,0,1,0,1,8,1,6,0,1,1,2,0,0,0,0,1,2,5,0,1,0,2,0,3,0,2,0,7766,0,0,1,0,1,1,1,0,2,0,0,0,0,0,1,3,2,0,2,0,0,0,0,0,0,0,0,0,0,0,1,0,5818,68,0,0,0,0,0,0,1,2,0,1,0,1,0,6,0,0,1,0,0,0,0,2,0,0,0,0,9,0,0,0,0,1,54,0,0,3,42,0,0,1,5,0,2,0,0,27,4,0,3,0,0,1,216,0,3,0,0,1,0,0,1,0,12,1,0,4,0,0,0,0,0,0,0,1,0,0,2,0,0,0,2,4,4,0,2,0,0,7,30,0,0,61,0,0,1,0,0,4,1,0,96,0,103,3,11,24,38,8,405,76,64,2,2,882,137,0,5,0,17,4,1,0,50,4,16,4,4,0,1,0,0,4,22695,3,0
"13722.58cfa82fe4b0c9d6adf6b674",0,0,0,0,0,0,0,0,0,0,0,4,0,0,0,0,0,0,0,0,1,0,0,0,0,0,0,0,0,0,0,0,2,4,0,0,1,0,0,0,0,0,2,1,2,0,0,0,0,0,0,0,0,0,5195,1,0,2,0,1,0,0,0,0,0,0,0,3,0,0,2,9,0,2,0,0,0,0,0,0,0,0,0,0,0,4,0,128,9,0,0,0,0,0,0,0,0,0,0,0,0,0,0,0,0,0,0,0,0,0,2,0,1,0,0,7,0,0,0,0,0,84,0,0,3,21,0,0,0,0,0,1,0,0,36,1,0,3,0,0,0,125,0,0,1,0,0,0,0,0,1,16,1,0,0,0,0,0,0,0,0,0,0,4,0,2,0,0,0,1,3,2,0,4,0,0,4,25,0,0,74,1,0,0,0,0,25,0,4,50,1,75,11,17,33,80,3,205,50,58,1,1,8,53,0,1,1,10,3,1,0,48,3,6,1,0,0,0,0,0,0,1137,0,0
"13722.58cfa82fe4b0c9d6adf6b92a",1,0,0,0,1,0,0,0,0,0,0,1,0,0,0,0,0,0,0,0,0,0,0,1,0,0,0,0,0,0,0,0,0,4,0,0,0,0,0,0,0,0,0,2,0,0,0,0,0,0,0,0,0,0,25998,0,0,0,0,0,0,0,0,0,0,0,0,0,0,0,0,0,1,1,0,0,0,0,0,0,0,0,0,0,0,0,0,3,0,0,0,0,0,0,0,0,0,0,0,0,0,0,0,0,0,0,0,0,0,0,2,0,0,0,0,1,0,0,0,0,2,0,0,0,1,0,0,0,0,0,0,2,0,0,0,0,0,0,0,0,0,0,0,0,0,0,0,0,0,0,1,0,4,0,0,0,0,0,0,0,0,0,0,0,0,0,0,0,0,0,0,2,0,2,0,0,0,1,0,0,1,0,0,0,0,0,0,0,0,0,0,2,0,1,0,0,0,1,0,0,0,1,0,0,0,2,0,1,2,0,0,1,5,0,2,0,0,0,0,0,0,15,0,0
"13722.58cfa82fe4b0c9d6adf6b9ab",0,0,2,0,0,0,0,0,0,0,0,2,0,0,0,0,1,2,0,0,0,0,0,0,2,0,0,0,0,0,0,0,0,3,0,0,0,0,0,0,0,0,0,3,0,0,1,0,0,0,0,0,0,0,18091,0,0,2,0,1,0,0,0,0,0,0,0,1,1,0,2,0,0,0,0,0,0,0,0,0,0,0,0,0,0,0,0,4,0,0,0,0,0,0,0,0,0,0,0,0,0,0,0,0,0,0,0,0,0,0,4,0,0,0,0,0,0,0,0,0,0,0,0,0,2,0,0,0,0,0,0,0,0,0,0,0,0,0,0,0,0,2,0,0,0,0,0,0,0,0,0,0,0,0,0,0,0,0,0,0,0,0,0,2,0,1,0,0,0,0,0,0,0,1,0,0,0,3,0,2,0,0,0,0,0,0,0,0,0,0,0,0,0,0,2,0,2,1,0,0,0,0,4,2,0,2,0,1,0,0,0,0,2,0,2,0,0,0,0,0,0,9,0,0
"13722.58cfa82fe4b0c9d6adf6b932",1,0,0,0,0,0,0,0,0,0,0,2,0,2,0,0,0,0,0,0,0,0,1,0,2,0,0,0,0,0,1,0,0,0,0,0,0,1,1,0,0,0,0,0,0,0,2,0,2,0,2,0,1,0,23150,0,0,2,0,1,0,0,0,1,0,0,0,0,0,0,2,0,0,1,0,0,0,0,0,0,0,0,0,0,0,1,0,1,1,0,0,0,4,0,0,0,0,0,0,0,0,0,0,0,0,0,0,0,0,0,0,0,1,0,0,1,0,0,0,0,0,0,0,0,0,0,0,0,0,0,0,0,0,0,0,0,0,0,0,0,0,0,0,0,0,0,0,0,0,0,0,0,0,0,0,0,0,0,0,0,0,0,0,0,0,0,0,0,0,0,0,4,0,2,0,0,0,2,0,1,0,0,1,0,0,0,0,0,2,0,0,0,0,1,0,0,1,1,0,0,1,0,1,1,0,2,1,2,4,0,0,2,3,0,3,0,0,0,0,0,0,5,0,0
"13722.58cfa82fe4b0c9d6adf6b8ee",0,0,1,0,2,0,0,0,0,1,0,3,0,0,0,0,0,0,0,0,0,0,2,2,0,0,1,1,0,0,0,0,0,6,0,0,0,2,0,0,0,0,0,3,3,0,0,0,4,0,2,0,0,0,15602,0,0,4,0,0,0,0,0,1,0,0,0,0,0,0,3,0,0,0,0,0,0,0,0,0,0,0,0,0,0,0,0,1,0,0,0,0,5,0,0,0,0,0,0,0,0,0,0,0,0,0,0,0,0,0,4,0,0,1,0,0,0,0,0,0,0,1,0,0,0,0,0,0,0,0,0,2,0,0,0,0,0,0,0,0,0,2,0,0,0,0,0,0,0,0,2,0,2,0,0,0,0,0,0,0,0,0,0,0,1,0,0,0,0,1,0,5,0,4,0,0,0,4,0,0,1,0,1,0,1,0,0,0,1,1,0,0,1,0,3,1,3,4,2,3,0,0,8,2,0,5,1,1,3,0,0,1,3,0,8,0,0,0,0,0,0,1,0,0
"13722.58cfa830e4b0c9d6adf6ba86",0,0,0,0,0,0,0,0,0,0,0,3,0,1,0,0,0,0,0,0,1,0,1,0,0,0,0,0,0,0,0,0,0,1,0,0,0,1,0,0,0,0,0,0,0,0,0,0,1,0,0,0,0,0,26249,0,0,1,0,0,0,0,0,1,0,0,0,2,0,0,1,0,0,0,0,0,0,0,0,0,0,0,0,0,0,0,0,0,0,0,0,0,4,0,0,0,0,0,0,0,0,0,0,0,0,0,0,0,1,0,1,0,0,0,0,0,0,0,0,0,0,0,0,0,1,0,0,0,0,1,0,0,0,0,0,0,0,0,0,0,0,2,0,0,0,0,0,0,0,0,1,0,2,0,0,0,0,0,0,0,0,0,0,0,0,0,0,1,0,0,0,2,1,1,0,0,0,1,0,0,0,0,0,0,0,0,1,0,0,0,0,0,0,0,2,1,0,1,2,0,0,0,4,1,0,3,0,2,2,0,0,2,1,0,4,0,0,0,0,0,0,6,0,0
"13722.58cfa830e4b0c9d6adf6ba81",0,0,0,1,0,1,0,0,0,0,0,1,0,0,0,0,0,0,0,0,0,0,0,0,2,0,0,1,0,0,0,0,0,3,0,0,0,2,0,0,0,0,1,3,1,0,0,0,4,0,0,0,0,0,3368,0,0,2,0,0,0,1,0,1,0,0,0,1,0,0,1,4,0,0,0,0,0,0,0,0,0,0,0,1,0,0,2,73,6,0,0,0,0,0,0,0,0,0,1,0,0,0,0,0,0,1,0,0,0,0,3,1,1,0,0,5,0,0,0,0,0,72,0,0,2,12,0,0,0,1,0,0,0,0,42,3,0,2,0,0,0,128,0,0,0,0,0,0,0,4,3,8,1,0,0,0,0,0,0,0,0,1,0,0,0,0,0,0,0,0,2,2,0,3,0,0,3,19,0,0,51,0,0,0,0,0,6,0,2,86,0,46,5,8,23,15,3,90,109,59,2,1,6,161,0,3,0,7,3,1,0,20,2,5,2,1,0,0,0,0,0,254,0,0
"13722.58cfa82fe4b0c9d6adf6b7fa",0,0,0,0,0,1,0,0,1,0,0,7,0,0,2,0,0,0,0,0,0,0,6,0,21,0,0,0,1,0,4,0,2,12,0,0,1,1,2,0,0,0,53,5,1,0,1,0,1,0,2,0,2,0,5384,2,0,2,1,1,0,3,0,2,0,0,0,1,0,0,4,41,0,2,0,0,0,0,0,0,0,0,4,0,0,8,0,250,96,0,0,0,0,0,0,0,0,0,0,0,0,0,0,0,0,0,0,0,0,0,4,0,5,0,1,118,6,0,0,0,0,1164,1,0,15,220,0,1,0,22,0,0,0,0,574,45,0,36,0,0,0,2203,0,0,1,0,0,0,0,6,19,375,2,0,0,1,0,1,0,0,0,0,3,1,2,0,0,0,0,9,17,14,0,3,0,0,22,472,0,3,1245,0,0,0,0,0,166,1,3,1502,0,1361,37,127,277,466,68,2694,1234,544,55,3,20,816,0,5,1,169,12,0,1,1090,34,125,25,38,10,0,0,0,7,908,4,0
"13722.58cfa82ee4b0c9d6adf6ae64",0,0,0,0,0,0,0,0,0,0,0,1,0,0,0,0,0,0,0,0,0,0,0,0,0,0,0,0,0,0,0,0,0,1,0,0,0,0,0,0,0,0,0,0,0,0,0,0,0,0,0,0,0,0,27201,0,0,1,0,0,0,0,0,0,0,0,0,0,0,0,0,0,0,0,0,0,0,0,0,0,0,0,0,0,0,1,0,30,0,0,0,0,1,0,0,1,1,0,0,0,0,0,0,0,0,0,0,0,0,0,0,0,0,0,0,0,0,0,0,0,0,0,0,0,0,0,0,0,0,0,0,1,0,0,0,0,0,0,0,0,0,0,0,0,0,0,0,0,0,0,0,0,1,0,0,0,0,0,0,0,0,0,0,0,0,0,0,0,0,0,0,2,0,0,0,0,0,1,0,0,0,0,0,0,0,0,0,0,0,0,0,0,0,0,0,2,0,0,0,0,0,0,4,0,1,0,0,0,0,0,0,0,1,0,0,0,0,0,0,0,0,103,0,0
"13722.58cfa82ee4b0c9d6adf6af9e",0,0,1,0,1,0,0,0,0,0,0,3,0,0,0,0,0,2,0,0,0,0,1,1,0,0,0,1,0,0,2,0,0,3,0,0,1,1,0,0,0,0,0,4,3,0,1,0,1,0,1,1,0,0,15229,0,0,2,0,0,0,0,0,3,0,0,0,0,1,0,4,0,0,1,0,0,0,0,0,0,0,0,0,0,0,1,0,390,0,0,0,0,0,0,0,0,0,0,0,0,0,0,0,0,0,0,0,0,0,0,1,0,0,0,0,2,0,0,0,0,0,0,0,0,2,0,0,0,0,1,0,2,0,0,0,0,0,0,0,0,0,0,0,0,0,0,0,0,0,1,0,0,2,0,0,0,0,0,0,0,0,0,0,0,0,0,0,1,0,0,0,0,0,2,0,0,0,0,0,2,0,0,0,0,0,0,0,0,2,2,0,0,0,0,1,4,1,0,3,3,3,1,8,0,0,10,1,1,2,0,0,0,1,0,4,0,0,0,0,0,0,1266,0,0
"13722.58cfa82fe4b0c9d6adf6b687",0,0,0,0,0,0,0,0,0,0,0,0,0,0,0,0,0,0,0,0,0,0,0,0,0,0,0,0,0,0,2,0,0,0,0,0,0,1,0,0,0,0,0,3,3,0,0,0,0,0,0,0,0,1,19621,0,0,1,0,1,0,0,0,0,0,0,0,0,0,0,0,0,0,0,0,0,0,0,0,0,0,0,0,0,0,0,0,21,0,0,0,0,0,0,0,0,0,0,0,0,0,0,0,0,0,0,0,0,0,0,0,0,0,0,0,0,0,0,0,0,0,0,0,0,2,0,0,0,0,0,0,0,0,0,0,0,0,0,0,0,0,0,0,0,0,0,0,0,0,1,0,0,1,0,0,0,0,0,0,0,0,0,0,0,0,0,0,0,0,0,0,1,0,2,0,0,0,0,0,1,0,0,0,0,0,0,0,0,1,0,2,0,0,0,0,1,2,2,0,0,0,0,2,1,0,1,0,0,0,0,0,0,2,0,1,0,0,0,0,0,0,74,0,0
"13722.58cfa82ee4b0c9d6adf6ae54",0,0,0,0,0,0,0,0,9,0,0,0,0,0,5,0,0,0,0,0,0,0,2,0,0,0,2,1,2,0,2,0,0,0,0,1,0,0,0,0,0,0,1,1,2,0,1,1,0,0,1,0,0,0,6759,1,0,0,0,1,0,0,0,0,0,0,0,0,0,0,2,0,0,1,0,0,0,0,0,0,0,0,0,0,0,1,0,8550,0,0,0,0,0,0,0,0,0,0,0,0,0,0,0,0,0,0,0,0,1,0,3,0,0,0,0,0,0,0,1,0,0,0,0,0,0,0,0,1,0,0,0,1,0,0,0,0,0,0,0,0,0,0,0,0,0,0,0,0,0,1,0,0,1,0,0,0,0,0,0,0,0,0,0,0,0,0,0,0,0,1,0,0,0,6,0,0,0,0,0,0,2,0,0,0,0,0,0,0,1,0,0,0,0,0,0,0,1,5,2,0,1,1,0,1,1,1,0,1,1,0,0,0,0,0,2,0,0,0,0,0,1,32794,0,0
"13722.58cfa82ee4b0c9d6adf6b0a5",0,0,0,0,0,0,0,0,0,0,0,3,0,0,0,0,0,0,0,0,0,0,1,1,1,0,0,1,0,0,1,0,2,3,0,0,4,0,1,0,0,0,0,1,1,0,0,0,1,0,1,0,0,1,7089,0,0,0,0,0,0,0,0,0,0,0,0,0,0,0,1,0,0,1,0,0,0,0,0,0,0,0,0,0,0,0,0,7482,0,0,0,0,0,0,0,0,0,0,1,0,0,0,0,0,0,0,0,0,0,0,2,0,0,0,0,0,0,0,0,0,0,1,0,0,1,0,0,0,0,0,0,2,0,2,0,0,0,0,0,0,0,2,0,1,0,0,0,0,0,2,0,0,0,0,0,0,0,0,0,0,0,0,0,0,0,0,0,1,0,0,0,0,0,4,0,0,0,0,0,2,2,0,0,0,1,0,0,0,1,0,0,1,0,1,0,1,1,4,0,0,0,0,13,1,0,4,0,1,1,1,0,1,2,1,2,0,0,0,0,1,0,27147,0,0
"13722.58cfa82fe4b0c9d6adf6b7b8",0,0,0,0,0,0,0,0,0,0,0,5,0,0,0,0,0,0,0,0,0,0,0,1,0,0,0,0,2,0,3,0,0,6,0,0,1,3,0,0,0,0,0,6,6,0,2,0,4,0,0,0,1,1,15022,0,0,3,0,4,0,1,0,1,0,0,0,3,0,0,3,1,0,1,0,0,0,0,0,0,0,0,0,0,0,1,0,0,0,0,0,0,0,0,0,0,0,0,0,0,0,0,0,1,0,0,0,0,0,0,2,0,0,0,0,2,0,0,0,0,0,2,0,0,6,0,0,0,0,0,0,0,0,0,0,0,0,2,0,0,0,8,0,0,2,0,0,0,0,0,0,0,0,0,0,0,0,0,0,0,0,0,0,0,3,0,0,0,0,2,0,1,0,5,0,0,0,2,0,1,0,0,1,2,0,1,1,0,3,0,0,1,0,4,4,7,11,2,7,0,1,2,0,2,0,5,0,0,4,0,0,4,3,0,7,0,0,0,0,0,0,0,0,0
"13722.58cfa82fe4b0c9d6adf6b80c",0,0,0,0,3,2,0,0,0,0,0,3,0,0,0,0,0,0,0,0,2,0,0,1,26,0,1,0,1,0,0,0,0,6,1,0,0,2,0,0,0,2,1,2,3,0,1,0,5,0,2,0,0,1,39179,3,0,3,0,4,0,0,0,2,0,0,0,1,0,0,5,1,0,1,0,0,0,0,0,0,0,0,0,0,0,3,0,12978,127,0,0,0,0,0,0,1,0,0,0,0,0,0,1,0,0,0,0,0,0,0,3,0,0,0,0,1,0,0,0,0,0,3,0,0,2,2,1,0,0,0,0,2,0,0,4,0,0,0,0,0,0,54,0,1,0,0,0,0,0,0,0,3,4,0,0,0,0,0,0,0,1,0,0,2,1,0,0,0,0,0,0,2,0,5,0,1,0,6,0,3,6,0,0,2,0,0,1,2,3,8,0,9,0,3,7,11,1,49,12,9,1,0,90,11,0,11,1,1,7,1,0,8,4,1,4,0,0,0,0,1,2,44589,2,0
"13722.58cfa82fe4b0c9d6adf6b88f",0,0,0,0,2,0,2,0,0,0,0,9,0,0,0,0,1,0,0,0,0,0,1,3,12,0,0,0,0,0,0,0,1,3,0,2,1,0,0,0,0,0,0,2,3,0,2,0,0,0,1,0,0,0,13737,0,0,5,0,2,0,0,0,1,0,0,0,0,0,0,0,1,0,0,0,0,0,0,0,0,0,0,0,0,0,0,0,66056,34,0,0,0,0,0,0,0,0,0,0,0,0,0,0,1,0,0,0,0,0,1,3,0,0,0,0,0,0,0,1,0,0,1,0,0,2,0,0,0,0,0,0,0,0,0,0,0,0,1,0,0,0,2,0,0,0,0,0,0,0,0,0,0,0,0,0,0,0,0,0,0,0,0,0,0,2,0,0,0,0,0,0,2,0,4,0,1,0,2,0,2,0,1,0,1,0,1,0,1,3,2,0,3,1,0,0,2,6,3,2,0,0,1,3,2,0,5,0,1,5,0,0,1,3,0,8,0,0,1,0,0,2,178696,0,0
"13722.58cfa82fe4b0c9d6adf6b926",0,0,0,0,0,1,0,0,0,0,0,0,0,0,0,0,0,0,0,0,0,0,0,0,0,0,0,0,0,0,0,0,0,1,0,0,0,48,0,0,0,0,0,0,0,0,0,0,0,0,0,0,0,1,13422,0,0,2,0,1,0,0,0,0,0,0,0,0,1,0,1,1,0,1,0,0,0,0,0,0,0,0,0,0,0,0,0,0,0,0,0,0,0,0,0,0,0,0,0,0,0,0,0,0,0,0,0,0,2,0,1,0,0,0,0,0,0,0,0,0,0,0,0,0,1,0,0,0,0,0,0,0,0,0,0,0,0,0,0,0,0,1,0,0,0,0,0,0,0,0,1,0,0,0,0,0,0,0,0,0,0,0,0,0,0,0,0,0,0,0,0,1,0,2,0,1,0,1,0,0,0,0,0,0,0,0,0,0,1,0,0,2,0,0,0,1,1,1,1,0,0,0,0,1,0,1,0,1,2,1,0,0,4,0,0,0,0,0,0,0,0,0,0,0
"13722.58cfa82fe4b0c9d6adf6b9b1",0,0,0,0,0,0,1,0,0,0,0,0,0,0,0,0,0,2,0,0,1,0,0,0,0,0,0,0,0,0,0,0,0,0,0,0,0,0,0,0,0,0,0,1,0,0,0,0,0,0,0,0,0,0,11957,0,0,0,0,0,0,0,0,0,0,0,0,0,0,0,0,0,0,2,0,0,0,0,0,0,0,0,0,0,0,0,0,179,0,0,0,0,0,0,0,0,0,0,0,0,0,0,0,0,0,0,0,0,0,0,1,0,0,0,0,0,0,0,0,0,0,0,0,0,0,0,0,0,0,0,0,0,0,0,0,0,0,1,0,0,0,1,0,0,0,0,0,0,0,1,0,0,1,0,0,0,0,0,0,0,0,0,0,1,0,0,0,0,0,0,0,2,0,2,0,0,0,0,0,0,0,0,0,0,0,0,0,0,1,1,0,0,0,1,0,1,1,0,1,0,0,0,2,1,0,1,0,0,1,0,1,0,1,0,0,0,0,0,0,0,0,531,0,0
"13722.58cfa82fe4b0c9d6adf6b991",0,0,0,0,0,0,0,0,0,0,0,1,0,0,0,0,0,0,0,0,1,0,0,0,0,0,0,0,0,0,1,0,0,1,0,0,0,0,0,0,0,0,1,1,0,0,0,0,1,0,0,0,1,0,11182,0,0,0,0,1,0,0,0,0,0,0,0,0,0,0,0,2,0,1,0,0,0,0,0,0,0,0,0,0,0,0,0,358,1,0,0,0,0,0,0,0,0,0,0,0,0,0,0,0,0,0,0,0,0,0,0,0,0,0,0,2,0,0,0,0,0,29,0,0,0,9,0,0,0,0,0,0,0,0,9,1,0,1,0,0,0,62,0,0,0,0,0,0,0,1,0,8,0,0,0,1,0,0,0,0,0,0,0,0,1,0,0,2,0,0,2,2,0,2,0,0,0,11,0,2,15,0,0,1,0,0,2,0,2,33,0,23,0,8,3,45,1,65,50,12,2,0,2,39,1,1,0,1,1,0,0,57,3,1,0,0,0,0,0,0,0,1456,0,0
"13722.58cfa82ee4b0c9d6adf6b00e",0,0,1,0,1,2,1,0,0,0,0,9,0,0,0,0,0,0,0,0,0,0,0,0,49,0,0,0,1,0,2,0,0,3,0,1,1,3,2,0,0,0,1,4,2,0,0,0,4,0,1,0,2,1,18152,0,0,3,0,2,0,0,0,5,0,0,0,1,1,1,5,0,0,1,0,0,0,0,2,0,0,0,0,0,0,4,0,23079,184,0,0,0,0,0,0,1,4,0,0,0,0,0,0,0,0,0,0,0,6,1,4,0,0,1,0,0,1,0,0,0,1,2,0,0,3,1,0,0,1,0,0,2,0,0,0,0,0,1,0,0,0,5,0,0,1,0,0,0,0,2,1,0,2,0,0,1,0,0,0,0,0,0,0,0,2,0,0,0,0,1,0,0,0,8,0,0,0,3,0,2,0,0,0,3,0,0,0,0,3,0,0,0,2,2,1,5,6,4,5,0,1,2,55,2,0,3,1,1,7,2,2,3,9,1,7,0,1,0,0,1,1,61914,1,0
"13722.58cfa82fe4b0c9d6adf6b5cc",0,0,1,0,2,0,1,0,0,0,0,4,0,0,0,0,0,0,0,0,0,0,1,0,0,0,0,0,0,0,2,0,0,7,0,0,1,3,0,0,0,0,0,4,2,0,1,0,0,0,2,0,0,0,4719,0,0,2,0,0,0,0,0,0,0,0,0,2,2,0,1,0,0,1,0,0,0,0,0,0,0,0,1,0,0,1,0,0,0,0,0,0,0,0,0,2,0,0,0,0,0,0,0,0,0,0,0,0,0,0,2,0,0,0,0,2,0,1,1,0,0,0,0,1,0,0,0,0,0,0,0,2,0,0,0,0,0,0,0,0,0,10,0,1,0,0,0,0,0,1,0,0,2,1,0,1,0,0,0,0,0,0,0,0,0,0,0,0,0,0,0,6,0,2,0,1,0,2,1,3,1,0,0,2,1,0,0,0,2,2,0,1,1,3,0,3,3,3,1,1,1,1,1,4,0,4,1,1,9,1,0,1,2,0,3,0,1,0,0,0,0,2,0,0
"13722.58cfa82fe4b0c9d6adf6b5fa",0,0,0,0,0,0,0,0,0,0,0,1,0,0,0,0,0,0,0,0,0,0,0,0,0,0,0,0,0,0,1,0,0,2,0,0,0,0,0,0,0,0,0,1,1,0,0,0,1,0,0,0,0,0,14370,0,0,1,0,0,0,0,0,0,0,0,0,0,0,0,0,0,0,0,0,0,0,0,0,0,0,1,0,0,0,2,0,18,0,0,0,0,0,0,0,0,0,0,0,0,0,0,0,0,0,0,0,0,0,0,2,0,0,0,0,0,0,0,0,0,0,0,0,0,1,0,0,0,0,0,0,0,0,0,0,0,0,0,0,0,0,0,0,0,0,0,0,0,0,0,0,0,2,0,0,0,0,0,0,0,0,0,0,0,0,0,0,0,0,0,0,3,0,1,0,0,0,0,0,1,0,0,0,0,0,1,0,0,0,0,1,0,0,1,1,2,1,0,0,0,0,0,6,0,0,1,0,0,1,2,0,0,1,0,3,0,0,0,0,0,0,50,0,0
"13722.58cfa82fe4b0c9d6adf6b7b4",0,0,0,0,0,0,0,0,0,0,0,0,0,0,0,0,0,0,0,0,1,0,0,0,0,0,0,0,0,0,0,0,0,1,0,0,0,0,0,0,0,0,0,1,0,0,0,0,0,0,0,0,0,0,22329,0,0,1,1,0,0,0,0,0,0,1,0,1,0,0,0,0,0,0,0,0,0,0,0,0,0,0,0,0,0,0,0,4,0,0,0,0,0,0,0,0,0,0,0,0,0,0,0,0,0,0,0,0,0,0,1,0,0,0,0,0,0,0,0,0,0,0,0,0,0,0,0,0,0,0,0,0,0,0,0,0,0,0,0,0,0,0,0,0,0,0,0,0,0,0,0,0,0,0,0,0,0,0,0,0,0,0,0,0,1,0,0,2,0,0,0,1,0,1,0,0,0,0,0,1,0,0,0,1,0,0,0,0,0,0,0,0,0,0,0,0,1,0,0,0,1,0,3,1,0,0,0,1,1,0,0,0,1,0,1,0,0,0,0,0,0,8,0,0
"13722.58cfa82fe4b0c9d6adf6b72a",0,0,0,0,0,0,0,0,0,0,0,1,0,0,0,0,0,0,0,0,0,0,0,0,2,0,0,0,0,0,0,0,0,0,0,0,0,1,0,0,0,0,0,1,2,0,0,0,1,0,0,0,0,0,10688,0,0,0,0,0,0,0,0,0,0,0,0,0,0,0,2,0,0,1,0,0,0,0,0,0,0,0,0,0,0,0,0,0,0,0,0,0,0,0,0,0,0,0,0,0,0,0,0,0,0,0,0,0,0,0,1,0,0,0,0,0,0,0,0,0,0,0,0,0,1,0,0,0,0,0,0,0,0,0,0,0,0,0,0,0,0,0,0,0,0,0,0,0,0,0,0,0,0,0,0,0,0,0,0,0,0,0,1,0,0,0,0,0,0,0,0,1,0,4,0,0,0,0,0,0,0,0,0,0,0,0,0,0,0,0,0,0,0,0,0,0,0,0,0,0,0,0,0,0,0,2,0,0,0,0,0,0,2,1,0,0,0,0,0,0,0,3,0,0
"13722.58cfa82fe4b0c9d6adf6b754",0,0,0,0,0,0,0,0,0,0,0,0,0,0,0,0,0,0,0,0,0,0,0,0,0,0,0,0,0,0,0,0,0,2,0,0,0,1,0,0,0,0,0,0,0,0,0,0,2,0,0,0,0,0,9146,0,0,0,0,0,0,0,0,0,0,0,0,5,0,0,1,0,0,1,0,0,0,0,0,0,0,0,0,0,0,1,0,2710,0,0,0,0,2,0,0,0,0,0,0,0,0,0,0,0,0,0,0,0,0,0,0,0,0,0,0,0,0,0,0,0,0,0,0,0,1,0,0,0,0,0,0,0,0,0,0,0,0,0,0,0,0,0,0,0,0,0,0,0,0,0,0,0,0,0,0,0,0,0,0,0,0,0,0,0,0,0,0,0,0,0,0,1,0,1,0,0,0,0,0,0,0,0,0,0,0,0,0,0,0,0,0,0,0,0,0,1,0,0,0,0,0,0,0,0,0,2,0,1,0,0,0,0,0,0,1,0,0,0,0,0,0,6251,0,0
"13722.58cfa82fe4b0c9d6adf6b7f6",0,0,0,0,0,0,0,0,0,0,0,0,0,0,0,0,0,0,0,0,0,0,0,0,0,0,0,0,0,0,0,0,0,2,0,0,0,0,0,0,0,0,0,0,0,0,0,0,1,0,0,0,0,0,8539,0,0,0,0,0,0,0,0,0,0,0,0,0,0,0,1,0,0,4,0,0,0,0,0,0,0,0,0,0,0,0,0,6369,0,0,0,0,0,0,0,0,0,0,0,0,0,0,0,0,0,1,0,0,0,0,0,0,0,0,0,0,0,0,0,0,0,0,0,0,2,0,0,0,0,0,0,3,0,0,0,0,0,0,0,0,0,1,0,0,0,0,0,0,0,0,0,0,2,0,0,0,0,0,0,0,0,0,0,0,0,0,0,0,0,0,0,3,0,3,0,0,0,0,0,0,0,0,0,0,0,0,0,0,0,0,0,0,0,0,1,0,0,0,0,0,1,0,0,0,0,2,0,0,0,0,0,0,1,0,0,0,1,0,0,0,0,16906,0,0
"13722.58cfa82fe4b0c9d6adf6b8bc",0,0,0,0,0,0,0,0,0,0,0,1,0,0,0,0,0,0,0,0,0,0,1,0,0,0,0,1,0,0,0,0,0,1,0,0,0,1,0,0,0,0,0,2,0,0,0,0,2,0,0,0,0,0,4663,0,0,2,0,0,0,0,0,0,0,0,0,0,0,0,0,0,0,2,0,0,0,0,0,0,0,0,0,0,0,0,0,15280,0,0,0,0,0,0,0,0,0,0,2,0,0,0,0,0,0,0,0,0,0,0,1,0,0,0,0,1,0,0,0,0,0,0,0,0,0,0,0,0,0,0,0,1,0,0,0,0,0,1,0,0,0,0,0,0,0,0,0,0,0,1,0,0,0,0,0,0,0,0,0,0,0,0,0,0,1,1,0,0,0,0,0,0,0,0,0,0,0,0,0,0,0,0,0,0,0,0,0,0,1,1,0,1,0,1,0,0,1,1,0,0,1,2,0,1,0,1,0,0,1,0,0,0,1,0,0,0,0,0,0,0,0,42413,0,0
"13722.58cfa82fe4b0c9d6adf6b714",0,0,0,0,0,0,0,0,0,0,0,1,0,0,0,0,0,0,0,0,0,0,0,1,0,0,0,0,0,0,0,0,0,2,0,0,0,0,0,0,0,0,0,0,0,0,0,0,0,0,0,0,0,0,8830,1,0,2,0,0,0,0,0,0,0,0,0,0,0,0,1,0,0,3,0,0,0,0,0,0,0,0,0,0,0,1,0,12594,0,0,0,0,0,0,0,0,0,0,0,0,0,0,0,0,0,0,0,0,0,0,1,0,0,0,0,0,0,0,0,0,0,0,0,0,0,0,0,0,0,0,0,1,0,0,1,0,0,0,0,0,0,1,0,0,0,0,0,0,0,0,0,0,1,0,0,0,0,0,0,0,0,0,0,0,0,0,0,0,0,0,0,4,0,1,0,0,0,1,0,0,1,0,0,0,0,0,0,0,0,2,0,0,0,0,1,0,2,2,0,0,0,0,0,0,0,1,0,1,0,0,0,0,2,0,2,0,0,0,0,0,0,35078,0,0
"13722.58cfa82ee4b0c9d6adf6b034",0,0,0,0,0,0,0,0,0,0,0,0,0,0,0,0,0,0,0,0,0,0,0,0,0,0,0,0,0,0,0,0,0,1,0,0,0,0,0,0,0,0,0,0,0,0,0,0,0,0,0,0,0,0,3996,0,0,0,0,0,0,0,0,0,0,0,0,0,0,0,0,0,0,0,0,0,0,0,0,0,0,0,0,0,0,0,0,198,0,0,0,0,0,0,0,1,0,0,0,0,0,0,0,0,0,0,0,0,0,0,0,0,0,0,0,0,0,0,0,0,0,0,0,0,0,0,0,0,0,0,0,1,0,0,0,0,0,0,0,0,0,0,0,0,0,0,0,0,0,0,0,0,0,0,0,0,0,0,0,0,0,0,0,0,0,0,0,0,0,0,0,1,0,0,0,0,0,1,0,0,0,0,0,0,0,0,0,0,0,0,0,0,0,0,0,0,0,0,0,0,0,0,0,0,0,0,0,0,0,0,0,0,0,0,1,0,0,0,0,0,0,537,0,0
"13722.58cfa830e4b0c9d6adf6bb07",0,0,0,0,0,0,0,0,0,0,0,0,0,0,0,0,0,0,0,0,1,0,0,0,0,0,0,1,0,0,0,0,0,0,0,0,0,0,0,0,0,0,0,0,0,0,0,0,0,0,0,0,0,0,10578,0,1,0,0,0,0,0,0,0,0,0,0,0,0,0,1,0,0,0,0,0,0,0,0,0,0,0,0,0,0,1,0,4708,0,0,0,0,0,0,0,0,0,0,0,0,0,0,0,0,0,0,0,0,0,0,2,0,0,0,1,0,1,0,0,0,0,0,0,0,1,0,0,0,0,0,0,0,0,0,0,0,0,0,0,0,0,0,0,0,0,0,0,0,0,0,0,0,0,0,0,0,0,0,0,0,0,0,0,1,0,2,1,0,0,0,1,2,0,0,0,1,0,0,0,1,0,0,0,0,0,0,0,0,0,1,1,0,0,0,1,0,1,0,0,0,0,0,7,0,0,3,0,1,0,0,0,0,0,0,1,0,0,0,0,0,0,12706,0,0
"13722.58cfa82ee4b0c9d6adf6b001",0,0,0,0,0,0,0,0,0,0,0,1,0,0,0,6,0,0,0,0,0,0,0,0,0,0,0,0,0,0,0,0,0,1,0,0,0,0,0,0,0,0,0,0,0,0,0,0,1,0,0,0,0,0,7495,0,0,0,0,1,0,0,0,0,0,0,0,0,0,0,0,0,0,1,0,0,0,0,0,0,0,0,0,0,0,0,0,173,0,0,0,0,0,0,0,0,0,0,0,0,0,0,0,0,0,0,0,0,0,0,1,0,0,0,0,0,0,0,0,0,0,0,0,0,0,0,0,0,0,0,0,0,0,0,0,0,0,0,0,0,1,0,0,0,0,0,0,0,0,1,0,0,0,0,0,0,0,0,0,0,0,0,0,0,0,0,0,0,0,0,0,1,0,2,0,0,0,0,0,0,0,0,0,0,0,0,0,0,0,0,0,0,0,0,0,0,1,0,0,0,0,0,55,0,0,0,0,0,0,0,0,0,0,0,1,0,0,0,0,0,0,502,0,0
"13722.58cfa82ee4b0c9d6adf6b020",0,0,0,0,0,0,0,0,0,0,0,1,0,0,0,0,0,0,0,0,0,0,0,0,0,0,0,0,0,0,1,0,0,1,0,0,0,0,0,0,0,0,0,1,2,0,1,0,0,0,0,0,0,0,8322,0,0,1,1,0,0,0,0,0,0,0,0,0,1,0,1,0,0,1,0,0,0,0,0,0,0,0,0,0,0,0,0,21,0,0,0,0,0,0,0,0,0,0,0,0,0,0,0,0,0,0,0,0,0,0,0,0,0,0,0,0,0,0,0,0,0,0,0,0,1,0,0,0,0,0,0,0,0,0,0,0,0,0,0,0,0,0,0,0,0,0,0,0,0,0,0,0,0,0,0,0,0,0,0,0,0,0,0,0,0,0,0,0,0,0,0,1,0,2,0,0,0,0,0,1,0,0,0,0,0,0,0,0,1,0,0,0,0,0,1,1,0,0,0,0,0,0,0,1,0,0,0,0,0,0,0,0,0,0,0,0,0,0,0,0,0,76,0,0
"13722.58cfa82fe4b0c9d6adf6b676",0,0,0,0,0,0,0,0,0,0,0,0,0,0,0,0,0,0,0,0,1,0,0,0,0,0,0,0,0,0,1,0,0,0,0,0,0,0,0,0,0,0,0,1,1,0,0,0,0,0,0,0,0,0,7108,0,0,2,0,0,0,0,0,0,0,0,0,1,0,0,0,0,0,2,0,0,0,0,0,0,0,0,0,0,0,0,0,17067,0,0,0,0,0,0,0,0,0,0,0,0,0,0,0,0,0,0,0,0,1,0,1,0,0,0,0,2,0,0,0,0,0,2,0,0,0,0,0,0,0,0,0,1,0,0,0,0,0,0,0,0,0,5,0,0,0,0,0,0,0,2,0,0,0,0,0,0,0,0,0,0,0,0,0,0,0,0,0,1,0,0,0,4,0,1,0,1,0,1,0,1,1,0,0,0,0,0,0,0,1,1,0,1,0,0,1,0,0,1,2,0,0,0,1,2,0,1,0,0,0,0,0,0,1,1,0,0,0,0,0,0,0,47176,0,0
"13722.58cfa82fe4b0c9d6adf6b678",0,0,0,0,0,0,0,0,0,0,0,1,0,0,0,0,0,0,0,0,0,0,0,0,0,0,0,0,0,0,1,0,0,2,0,0,0,0,0,0,0,0,1,1,0,0,0,0,0,0,0,0,0,0,3869,0,0,1,0,0,0,0,0,1,0,0,0,0,0,0,1,0,0,0,0,0,0,0,2,0,0,0,0,0,0,0,0,7156,0,0,0,0,2,0,0,0,0,0,0,0,0,0,0,0,0,0,0,0,0,0,2,0,0,0,0,0,0,0,0,0,0,0,0,0,1,0,0,0,0,0,0,2,0,0,0,0,0,0,0,0,0,3,0,0,0,0,0,0,0,0,0,0,0,0,2,0,0,0,0,0,0,0,0,1,0,1,0,0,0,0,0,3,0,5,0,0,0,0,0,0,0,0,0,0,0,0,0,0,0,0,0,0,0,0,0,2,0,2,1,0,0,0,0,1,0,2,0,0,0,0,0,0,0,0,0,0,0,0,0,0,0,18922,0,0
"13722.58cfa82fe4b0c9d6adf6b68e",0,0,0,0,1,0,0,1,0,0,0,3,0,1,0,0,0,0,0,0,0,0,1,0,63,0,0,0,0,0,2,0,0,2,0,1,0,1,0,0,0,0,0,4,3,0,1,0,0,0,1,0,0,0,481,0,0,5,0,0,0,0,0,0,1,0,0,0,0,0,0,0,0,1,1,0,0,0,0,0,0,0,1,6,0,0,0,656503,147,0,0,0,0,0,0,1,1,0,0,0,0,0,0,0,0,0,0,0,0,0,6,0,2,0,0,0,1,0,0,0,0,0,0,0,2,1,0,1,0,0,0,0,0,0,0,0,0,0,0,0,0,9,0,0,0,0,0,0,0,99,0,1,0,0,0,0,0,0,0,0,0,0,0,1,0,0,0,0,0,0,0,0,0,6,0,1,0,22,1,2,3,0,0,1,0,0,0,0,3,3,0,1,1,3,1,2,4,97,3,18,1,3,26,10,1,3,0,2,8,0,0,4,11,1,8,1,1,0,0,0,6,2013180,2,0
"13722.58cfa82fe4b0c9d6adf6b6f6",0,0,0,0,0,0,0,0,0,0,0,1,0,0,0,0,0,0,0,0,0,0,0,0,0,0,0,0,0,0,0,0,0,2,0,0,0,1,0,0,0,0,0,0,0,0,0,0,1,0,0,0,1,0,9692,0,0,0,0,0,0,0,0,0,0,0,0,2,0,0,0,0,0,0,0,0,0,0,0,0,0,0,0,0,0,0,0,70,0,0,0,0,0,0,0,0,0,0,0,0,0,0,0,0,0,0,0,0,0,0,0,0,0,0,0,0,1,0,0,0,0,0,0,0,0,0,0,0,0,0,0,1,0,0,0,0,0,0,0,0,0,0,0,0,0,0,0,0,0,0,0,0,2,0,0,0,0,0,0,0,0,0,0,0,0,0,0,1,0,0,0,0,0,1,0,0,0,1,0,0,0,0,0,0,0,0,0,0,0,0,0,0,0,0,0,1,0,0,0,0,0,0,0,0,0,1,0,0,0,0,0,0,0,0,0,0,0,0,0,0,0,178,0,0
"13722.58cfa82fe4b0c9d6adf6b8cc",0,0,0,0,0,0,0,0,0,0,0,1,0,0,0,0,0,0,0,0,0,0,0,0,0,0,0,0,0,0,0,0,0,1,0,0,0,0,0,0,0,0,0,2,1,0,0,0,0,0,0,0,0,0,9608,0,0,0,0,0,0,0,0,0,0,0,0,0,0,0,0,0,0,1,0,0,0,0,0,0,0,0,0,0,0,0,0,10191,0,0,0,0,0,0,0,0,0,0,0,0,0,0,0,0,0,0,0,0,0,0,0,0,0,0,0,0,0,0,0,0,0,1,0,0,0,0,0,0,0,0,0,0,0,0,0,0,0,0,0,0,0,0,0,0,0,0,0,0,0,1,0,0,2,0,0,0,0,0,0,0,0,0,0,0,0,0,0,0,0,0,0,2,0,0,0,0,0,0,0,0,0,0,0,0,0,0,0,0,0,1,0,0,0,0,2,0,1,0,0,0,0,0,4,0,0,2,0,0,0,0,0,0,0,0,0,0,0,0,0,0,2,23526,1,0
"13722.58cfa82fe4b0c9d6adf6b900",0,0,0,0,0,0,0,0,0,0,0,0,0,0,0,0,0,0,0,0,0,0,0,0,0,0,0,0,0,0,0,0,0,1,0,3,0,0,0,0,0,0,0,0,0,0,0,0,0,0,0,0,0,0,5847,1,0,0,0,1,0,0,0,0,0,0,0,0,0,0,0,0,0,2,0,0,0,0,0,0,0,0,0,0,0,2,1,10031,0,0,0,0,0,0,0,1,0,0,0,0,0,0,0,0,0,0,0,0,0,0,0,0,0,0,0,0,0,0,0,0,0,0,0,0,0,0,0,0,0,0,0,1,0,0,0,0,0,0,0,0,0,0,0,0,0,0,0,0,0,0,0,0,0,0,0,0,0,0,0,0,0,0,0,0,0,0,0,0,0,0,0,4,0,2,0,0,0,0,0,0,0,0,0,0,0,0,0,0,0,1,0,0,0,0,0,0,0,1,0,0,0,1,2,0,0,1,0,0,0,0,0,0,0,0,0,0,0,0,0,0,0,25629,0,0
"13722.58cfa82fe4b0c9d6adf6b657",0,0,0,0,0,0,1,2,0,0,0,1,0,0,0,0,0,0,0,0,0,0,0,0,0,0,0,0,0,1,0,0,0,1,0,1,0,1,0,0,0,0,0,1,0,0,0,0,0,0,0,0,0,0,5274,0,0,0,0,1,0,0,0,0,0,0,0,1,0,0,2,2,0,1,0,0,0,0,0,0,0,0,0,0,0,0,0,9,0,0,0,0,0,0,0,0,0,0,0,0,0,0,0,0,0,0,0,0,0,0,1,0,0,0,0,1,0,0,0,0,0,0,0,0,1,0,0,0,0,0,0,1,0,0,0,0,0,0,0,0,0,1,0,0,0,0,0,0,0,0,0,0,0,0,0,0,0,0,0,0,0,0,0,0,0,0,0,0,0,0,0,2,0,0,0,0,0,0,0,0,0,0,0,0,0,0,0,0,0,0,0,0,0,0,0,0,1,0,0,1,0,1,0,0,0,2,0,1,0,0,0,0,0,0,0,0,0,0,0,0,0,18,0,0
"13722.58cfa82fe4b0c9d6adf6b664",0,0,0,0,0,0,0,0,0,0,0,0,0,0,0,0,0,0,0,0,0,0,0,0,0,0,0,1,0,0,0,0,0,3,0,0,1,0,0,0,0,0,0,0,0,0,0,0,0,0,0,0,1,0,5348,0,0,1,0,0,0,0,0,0,0,0,0,0,0,0,0,1,0,4,0,0,0,0,0,0,0,0,0,0,0,1,0,301,0,0,0,0,0,0,0,0,0,0,0,0,0,0,0,0,0,1,0,0,0,0,2,0,0,0,0,0,0,0,0,0,0,0,0,0,0,0,0,0,0,0,0,1,0,0,0,0,0,0,0,0,0,0,0,0,0,0,0,0,0,0,0,0,0,0,0,0,0,0,0,0,0,0,0,0,0,0,0,1,0,0,0,0,0,0,0,0,0,0,0,0,0,0,0,0,0,0,0,0,0,0,0,0,0,0,1,0,1,0,0,0,0,0,0,0,0,0,0,0,0,0,0,0,0,0,1,0,0,0,0,0,0,724,0,0
"13722.58cfa82fe4b0c9d6adf6b730",0,0,0,0,0,0,0,0,0,0,0,1,0,0,0,0,0,0,0,0,1,0,0,0,0,0,0,0,0,0,1,0,0,2,0,0,0,0,0,0,0,0,0,1,2,0,0,0,0,0,0,0,0,0,7927,0,0,0,0,0,0,0,0,1,0,0,0,2,0,0,0,1,0,4,0,0,0,0,0,0,0,0,0,0,0,1,0,254,0,0,0,0,0,0,0,0,0,0,0,0,0,0,0,0,0,0,0,0,0,0,1,0,0,0,0,1,0,0,0,0,0,0,0,0,1,0,0,0,0,0,0,2,0,0,0,0,0,0,0,0,0,0,0,0,0,0,0,0,0,0,0,0,1,0,0,0,0,0,0,0,0,0,0,1,0,13,0,0,0,0,0,3,0,3,0,0,0,0,0,0,0,0,0,0,0,0,0,0,0,0,0,0,0,0,0,0,1,0,2,1,0,0,54,2,0,0,0,0,2,0,0,0,0,0,1,0,0,0,0,0,0,909,0,0
"13722.58cfa82fe4b0c9d6adf6b70e",0,0,0,0,0,0,0,0,0,0,0,0,0,1,1,0,0,0,0,0,0,0,0,0,0,0,0,0,0,0,0,0,0,4,0,1,0,0,0,0,0,0,0,1,0,0,0,0,0,0,0,0,0,0,8129,1,0,1,0,2,0,0,0,0,0,0,0,2,0,0,0,0,0,5,0,0,0,0,0,0,0,1,1,0,0,0,0,4233,0,0,0,0,0,0,0,0,0,0,0,0,0,0,0,0,0,0,0,0,0,0,1,0,0,0,0,0,0,0,0,0,0,1,0,0,2,0,0,0,0,0,0,2,0,0,0,0,0,0,0,0,0,0,0,0,0,0,0,0,0,1,0,0,0,0,0,0,0,0,0,0,0,0,0,0,0,0,0,0,0,0,0,3,0,0,0,0,0,0,0,0,0,0,0,0,0,1,0,0,0,0,0,0,0,0,1,1,0,1,1,1,0,0,11,0,0,3,1,0,2,0,0,1,0,0,4,0,1,0,0,0,0,11920,0,0
"13722.58cfa82fe4b0c9d6adf6b806",1,0,0,1,0,0,0,0,0,0,0,0,0,0,0,0,0,0,0,0,0,0,0,0,0,0,0,1,0,0,0,0,0,1,0,0,0,0,0,0,0,0,0,2,1,0,0,0,0,0,0,0,1,0,14236,1,0,0,1,1,0,0,0,0,0,0,0,3,0,0,1,0,0,1,0,0,0,0,0,0,0,0,0,0,0,0,0,0,0,0,0,0,0,0,0,0,0,0,0,0,0,0,0,0,0,0,0,0,0,0,2,0,0,0,0,0,0,0,0,0,0,0,2,0,0,0,0,0,0,0,0,2,0,0,0,0,0,0,0,0,0,0,0,0,0,0,0,0,0,0,0,0,0,0,0,0,0,0,0,0,0,0,0,0,1,0,0,0,0,1,0,0,0,2,0,0,0,0,0,0,1,0,0,0,0,0,0,0,1,0,0,0,0,0,1,0,0,2,0,0,0,0,0,0,0,0,0,1,1,0,0,0,1,0,2,0,0,0,0,0,0,0,0,0
"13722.58cfa82fe4b0c9d6adf6b6b7",0,0,0,0,0,0,0,0,0,0,0,0,0,0,0,0,0,0,0,0,0,0,0,0,0,0,0,0,0,0,0,0,0,1,0,0,0,0,0,0,0,0,0,2,2,0,0,0,0,0,0,0,0,0,5810,0,0,0,1,0,0,0,0,1,0,0,0,3,0,0,2,0,0,1,0,0,0,0,0,0,0,0,0,0,0,0,0,4,0,0,0,0,0,0,0,0,0,0,0,0,0,0,0,0,0,0,0,0,0,0,1,0,0,0,0,0,0,0,0,0,0,0,0,0,0,0,0,0,0,0,0,3,0,0,0,0,0,0,0,0,0,1,0,0,0,0,0,0,0,0,0,0,1,0,0,0,0,0,0,0,0,0,0,0,0,0,0,0,0,0,0,3,0,3,0,0,0,0,0,0,0,0,0,0,0,0,0,0,0,0,0,0,0,0,0,0,1,2,2,0,0,0,6,0,0,0,1,0,1,0,0,0,1,1,1,0,0,0,0,0,0,9,0,0
"13722.58cfa82fe4b0c9d6adf6b808",0,0,0,0,1,0,0,0,0,0,0,2,0,1,0,0,0,0,0,0,0,0,0,1,0,0,0,1,0,0,5,0,1,3,0,0,2,2,0,0,0,0,1,6,2,0,0,0,2,0,1,0,3,0,15132,0,0,3,0,2,0,0,0,4,0,0,0,3,0,1,3,2,0,0,0,0,0,0,0,0,0,0,0,0,0,0,0,0,0,0,0,0,0,0,0,0,0,0,1,0,0,0,0,0,0,0,0,0,0,0,2,1,0,0,0,1,0,0,0,0,0,2,0,0,4,0,0,0,0,0,0,2,0,0,0,0,0,0,0,0,0,4,0,0,1,0,0,0,0,0,0,0,1,0,0,0,0,0,0,0,0,0,0,1,0,0,0,0,0,0,0,1,0,1,0,2,0,1,0,1,0,0,0,2,0,0,0,0,2,0,0,0,0,1,3,8,5,0,3,0,0,2,1,2,0,11,0,0,6,0,0,2,3,0,8,0,1,0,0,1,0,0,0,0
"13722.58cfa82fe4b0c9d6adf6b938",0,0,0,0,0,0,0,0,0,0,0,2,0,0,0,0,0,0,0,0,0,0,2,0,0,0,0,0,0,0,0,0,2,2,0,0,0,0,0,0,0,0,0,5,1,0,0,0,1,0,1,0,0,0,4918,0,0,0,0,0,1,0,0,0,0,0,0,1,1,0,1,0,0,1,0,0,0,0,0,0,0,0,0,0,0,1,0,19,0,0,0,0,0,0,0,0,0,0,0,0,0,0,0,0,0,0,0,0,0,0,0,0,0,0,0,0,0,0,0,0,0,0,0,0,1,1,0,0,0,0,0,0,0,2,0,0,0,0,0,0,0,2,0,0,0,0,0,0,0,0,1,0,0,0,0,0,0,0,0,0,0,0,0,1,0,0,0,1,0,0,0,1,0,3,0,0,0,1,0,0,0,0,0,0,0,0,0,0,1,0,0,0,1,1,2,1,1,1,2,0,1,0,6,0,0,2,0,0,0,0,0,0,0,0,0,0,0,0,0,0,1,46,0,0
"13722.58cfa82fe4b0c9d6adf6b8c4",0,0,0,0,0,0,0,0,0,0,0,1,0,0,0,0,0,0,0,0,0,0,0,1,0,0,0,0,0,0,0,0,0,1,0,0,0,0,0,0,0,0,0,0,0,0,0,0,1,0,0,0,0,0,13219,0,0,0,0,0,0,0,0,0,0,0,0,2,0,0,1,1,0,0,0,0,0,0,0,0,0,0,0,0,0,4,0,7602,1,0,0,0,0,0,0,0,0,0,0,0,0,0,0,0,0,0,0,0,0,0,0,0,0,0,0,0,0,0,0,0,0,0,0,0,0,0,0,0,0,0,0,2,0,0,0,0,0,0,0,0,0,1,0,0,0,0,0,0,0,0,0,0,0,0,0,0,0,0,0,0,0,0,0,0,0,0,0,0,0,0,0,1,0,0,0,0,0,1,0,0,0,0,0,0,0,0,0,0,2,1,0,0,0,0,0,0,0,1,0,0,0,0,9,0,0,1,0,0,0,0,0,0,1,0,1,0,0,0,0,0,0,22583,0,0
"13722.58cfa82fe4b0c9d6adf6b994",0,0,0,0,0,0,0,0,0,0,0,0,0,0,0,0,0,0,0,0,0,0,1,0,0,0,0,0,0,0,0,0,0,1,0,0,0,0,0,0,1,0,0,1,0,0,0,0,3,0,0,0,0,0,11985,0,0,0,0,0,0,0,0,0,0,0,0,1,1,0,0,1,0,1,0,0,0,0,0,0,0,0,0,0,0,0,0,60,0,0,0,0,0,0,0,1,0,0,0,0,0,0,0,0,0,0,0,0,0,0,0,0,0,0,0,0,0,0,0,0,0,0,0,0,0,0,0,0,0,0,0,1,0,0,0,0,0,0,0,0,0,0,0,0,0,0,0,0,0,0,0,0,0,0,0,0,0,0,0,0,0,0,0,0,0,0,0,0,0,0,0,0,0,4,0,0,0,0,0,1,0,0,0,0,0,0,0,0,0,0,0,0,0,0,1,0,1,0,0,0,0,0,7,0,0,3,0,0,2,0,0,0,1,0,0,0,0,0,1,0,0,163,0,0
"13722.58cfa82fe4b0c9d6adf6b700",0,0,0,0,0,0,0,0,0,0,0,1,0,0,0,0,0,0,0,0,1,0,0,1,0,0,0,0,0,0,0,0,0,0,0,0,0,0,0,0,0,0,0,0,2,0,0,0,0,0,0,0,0,0,9030,0,0,0,1,1,0,0,0,0,0,0,0,0,0,0,2,0,0,0,0,0,0,0,0,0,0,0,0,0,0,0,0,12,0,0,0,0,0,0,0,0,0,0,0,0,0,0,0,0,0,0,0,0,0,0,0,0,0,0,0,0,0,0,0,0,0,0,0,0,1,1,0,0,0,0,0,0,0,0,0,0,0,0,0,0,0,1,0,0,0,0,0,0,0,0,0,0,0,0,0,0,0,0,0,0,0,0,0,0,0,0,0,0,0,0,0,0,0,1,0,0,0,0,0,0,0,0,0,0,4,0,0,0,0,0,0,0,0,2,0,1,0,0,2,0,0,0,3,0,0,5,1,0,0,0,0,0,0,0,0,0,0,0,0,0,0,29,0,0
"13722.58cfa82fe4b0c9d6adf6b721",0,0,0,0,0,0,0,0,0,0,0,2,0,0,0,0,0,0,0,0,0,0,0,0,0,0,0,0,0,0,1,0,0,1,0,0,1,0,0,0,0,0,0,0,0,0,0,0,1,0,0,0,0,0,12782,0,0,0,0,0,0,0,0,0,0,0,0,0,0,0,0,0,0,1,0,0,0,0,0,0,0,0,0,0,0,1,0,11373,0,0,0,0,1,0,0,0,0,0,0,0,0,0,0,0,0,0,0,0,0,0,1,0,0,0,0,2,0,0,0,0,0,0,0,0,0,0,0,0,0,0,0,0,0,0,0,0,0,0,0,0,0,1,0,0,0,0,0,0,0,0,0,0,0,0,0,0,0,0,0,0,0,0,0,0,0,0,0,0,0,0,0,0,0,0,0,0,0,1,0,0,0,0,0,0,0,0,0,0,0,0,1,0,0,1,0,0,0,0,2,1,0,0,4,0,0,2,0,0,0,0,0,0,0,0,1,0,0,0,0,0,0,31990,0,0
"13722.58cfa82ee4b0c9d6adf6ae6a",2,0,0,0,0,0,0,0,0,0,0,5,0,1,0,0,0,0,0,0,0,0,1,1,5,0,0,1,0,2,1,0,1,6,0,0,1,5,0,0,0,0,2,2,3,0,0,0,2,0,2,0,0,0,14227,0,0,1,0,0,0,0,0,4,0,0,0,0,1,0,3,0,0,3,0,0,0,0,0,0,0,5,0,0,0,4,0,26759,64,0,0,0,0,0,0,0,0,0,0,0,0,0,0,0,0,0,0,0,0,0,5,0,0,0,0,0,0,0,0,0,0,0,0,0,1,0,0,0,0,0,0,1,0,0,0,0,0,1,0,1,0,4,0,0,0,1,0,0,0,3,0,0,0,1,4,0,0,0,0,0,0,0,0,1,0,0,0,2,0,0,0,1,0,3,0,0,1,5,0,0,0,0,0,1,0,0,0,1,3,2,0,0,0,2,3,1,2,3,2,1,1,2,7,3,0,8,0,7,3,0,0,2,4,0,4,0,0,0,0,0,3,66415,0,0
"13722.58cfa82ee4b0c9d6adf6ae50",0,0,1,0,0,0,1,0,0,0,0,5,0,0,0,0,0,0,0,0,0,0,2,2,47,0,0,1,0,1,2,0,0,4,1,0,1,0,0,0,0,0,0,5,4,0,1,0,2,0,2,0,1,1,20689,1,0,2,0,2,1,0,0,1,1,0,0,1,0,1,3,1,0,3,0,0,0,0,0,0,0,0,0,0,0,6,0,29150,102,0,0,0,4,0,0,1,0,0,0,0,0,0,0,0,0,0,0,0,0,0,6,0,1,0,0,0,0,0,0,0,0,6,0,0,1,1,0,0,0,0,0,1,0,0,2,0,0,0,0,0,0,13,0,0,0,1,0,0,0,0,0,0,1,0,0,0,0,1,1,0,1,0,0,0,1,1,0,1,0,0,0,5,0,2,0,0,1,2,0,2,3,0,0,1,0,0,1,0,1,4,0,2,1,3,3,6,2,5,6,0,1,2,38,2,0,7,0,2,4,1,0,4,5,1,7,0,0,1,0,0,2,79125,0,0
"13722.58cfa82ee4b0c9d6adf6b02c",0,0,0,0,0,0,0,0,0,0,0,7,0,0,0,2,1,0,0,0,1,0,0,1,17,0,0,0,0,0,3,0,3,1,0,0,0,0,1,0,0,0,0,6,3,0,5,0,2,0,1,0,0,0,12491,0,0,7,0,2,0,0,0,1,0,0,0,1,0,0,1,0,0,0,0,0,0,0,0,0,0,0,0,0,0,2,0,41863,120,0,0,0,0,0,0,1,3,0,0,0,0,0,0,0,0,0,0,0,1,0,4,0,0,0,0,0,0,0,1,0,0,0,0,0,2,1,0,0,0,0,0,0,0,0,0,0,0,0,0,0,0,2,0,0,0,0,0,0,0,1,0,0,3,0,0,0,0,0,1,0,0,2,0,0,1,0,0,0,0,0,0,1,0,1,0,0,0,6,0,2,1,0,0,0,0,0,0,1,5,2,0,0,0,3,4,6,2,3,6,1,2,2,16,2,0,11,2,2,7,1,0,3,6,0,9,0,0,0,1,0,4,103107,1,0
"13722.58cfa82fe4b0c9d6adf6b631",0,0,0,0,0,0,0,0,0,0,0,0,0,0,0,0,0,0,0,0,0,0,0,0,0,0,0,0,0,0,0,0,0,3,0,0,1,0,0,0,0,0,0,0,1,0,1,0,0,0,0,0,1,0,16488,0,0,0,0,1,0,0,0,0,0,0,0,0,1,0,1,0,0,1,0,0,0,0,0,0,0,0,0,0,0,2,0,59,0,0,0,0,0,0,0,0,0,0,0,0,0,0,0,0,0,0,0,0,0,0,1,0,0,0,0,0,0,0,0,0,0,0,0,0,1,0,0,0,0,0,0,0,0,0,0,0,0,0,0,0,0,0,0,0,0,0,0,0,0,0,0,0,0,0,0,0,0,0,0,0,0,0,0,0,0,0,0,0,0,0,0,2,0,2,0,0,0,0,0,0,0,0,0,0,0,0,0,0,0,0,0,0,0,2,0,0,0,1,0,0,0,0,2,0,0,1,0,1,0,0,0,0,0,1,1,0,0,0,0,0,0,197,0,0
"13722.58cfa82fe4b0c9d6adf6b64a",0,0,0,0,0,0,0,0,0,0,0,1,0,0,0,0,0,0,0,0,2,0,0,0,0,0,0,0,0,0,0,0,0,2,0,0,2,1,0,0,0,0,0,2,1,0,0,0,0,0,1,0,0,0,11205,0,0,1,0,1,0,0,0,0,0,0,0,1,0,0,1,0,0,2,0,0,0,0,0,0,0,1,2,0,0,0,0,4367,0,0,0,0,0,0,0,0,0,0,0,0,0,0,0,0,1,0,0,0,0,0,0,0,0,0,0,0,0,0,0,0,0,0,0,0,0,0,0,0,0,1,1,4,0,0,0,0,0,0,0,0,0,0,0,0,0,0,0,0,0,0,0,0,0,0,0,0,0,0,0,0,0,0,0,1,0,0,0,0,0,2,0,4,0,0,0,0,0,0,0,0,0,0,0,0,0,0,0,0,0,0,0,0,0,0,0,1,0,1,1,0,0,0,0,0,0,0,0,0,0,0,0,1,0,0,1,0,0,0,0,0,0,12762,0,0
"13722.58cfa82fe4b0c9d6adf6b659",0,0,1,0,0,0,0,0,0,0,0,1,0,0,0,0,0,0,0,0,0,0,0,0,0,0,0,0,0,1,0,0,0,1,0,1,0,0,0,0,0,0,0,1,1,0,0,0,0,0,0,0,0,0,10888,0,0,0,0,0,0,0,0,0,0,0,0,1,1,0,0,0,0,3,0,0,0,0,0,0,0,0,0,0,0,0,0,28,0,0,0,0,0,0,0,0,0,0,0,0,0,0,0,0,0,0,0,0,0,0,0,0,0,0,0,0,0,0,0,0,0,0,0,0,0,0,0,0,0,0,0,0,0,1,0,0,0,0,0,0,0,0,0,0,0,0,0,0,0,0,0,0,1,0,0,0,0,0,0,0,0,0,0,0,0,0,0,1,0,0,0,2,0,1,0,0,0,0,0,0,0,0,0,0,0,0,0,0,1,1,0,0,0,0,0,0,0,0,1,0,0,0,0,1,0,1,0,0,0,0,0,0,2,0,0,0,0,0,0,0,0,73,0,0
"13722.58cfa82fe4b0c9d6adf6b653",0,0,0,0,0,0,0,0,0,0,0,1,0,0,0,0,0,0,0,0,1,0,1,0,0,0,0,0,0,0,1,0,0,1,0,0,0,0,0,0,0,0,0,4,2,0,0,0,0,0,2,0,0,0,11690,0,0,2,0,0,0,0,0,1,0,0,0,1,0,0,4,0,0,4,0,0,0,0,0,0,0,0,0,0,0,2,0,171,0,0,0,0,0,0,0,0,0,0,0,0,0,0,0,0,0,0,0,0,0,0,1,0,0,0,0,0,0,0,0,0,0,0,0,0,1,0,0,0,0,0,0,0,0,0,0,0,0,0,0,0,0,1,0,0,0,0,0,0,0,0,0,0,0,0,0,0,0,0,0,0,0,0,0,0,1,0,0,0,0,0,0,3,0,1,0,0,0,0,0,0,0,0,0,0,0,0,0,0,2,1,3,0,0,0,2,1,3,0,0,1,0,0,10,0,0,0,0,0,0,0,0,0,0,0,4,0,0,1,0,0,0,487,0,0
"13722.58cfa82fe4b0c9d6adf6b66c",0,0,0,0,0,1,0,0,0,0,0,4,0,0,0,0,0,0,0,0,1,0,0,2,0,0,0,0,0,0,0,0,0,4,0,0,0,0,0,0,0,0,2,2,0,0,1,0,2,0,1,0,0,0,9630,0,0,3,0,0,0,0,0,1,0,0,0,0,0,0,2,0,0,3,0,0,0,0,0,0,0,0,0,0,0,0,0,120,0,0,0,0,0,0,0,0,1,0,0,0,0,0,0,0,0,0,0,0,0,0,3,0,0,0,0,0,0,0,0,0,0,1,0,0,2,0,0,0,0,0,0,0,0,0,0,0,0,0,0,0,0,2,0,0,0,0,0,0,0,0,1,2,0,0,0,0,0,0,0,0,0,0,0,1,0,0,0,0,0,0,0,1,0,7,0,0,0,1,0,0,0,0,0,2,0,1,0,0,2,0,0,0,0,2,2,2,1,0,3,0,0,0,2,0,0,9,1,0,2,2,0,2,0,0,7,0,0,0,0,0,0,341,0,0
"13722.58cfa82ee4b0c9d6adf6ae52",0,0,0,0,0,0,0,0,0,0,0,4,0,0,0,0,0,0,0,0,3,0,0,1,10,0,0,0,0,0,1,0,0,6,0,0,0,1,0,0,0,0,0,1,0,0,0,0,0,0,1,0,0,0,10371,0,0,0,0,1,0,0,0,0,0,0,0,0,0,0,1,1,0,2,0,0,0,0,0,0,0,0,0,0,0,3,0,16774,43,0,0,0,5,0,0,0,0,0,0,0,0,0,0,0,0,0,0,0,0,0,2,0,0,0,1,0,0,0,0,0,1,1,0,0,0,0,0,0,0,0,0,0,0,0,1,0,0,1,0,0,0,11,0,0,0,0,0,0,0,0,2,0,0,0,0,0,0,0,0,0,0,0,0,0,1,0,0,0,0,0,0,2,0,3,0,0,1,2,0,1,2,0,0,0,1,0,0,0,2,1,0,3,0,1,5,2,1,12,4,1,0,1,26,2,0,3,0,1,2,0,0,2,3,1,1,0,0,0,0,0,4,46917,2,0
"13722.58cfa82fe4b0c9d6adf6b6ba",0,0,0,0,0,0,0,0,0,0,0,1,0,2,0,0,0,0,0,0,1,0,0,2,2,0,0,1,0,0,0,0,0,0,0,0,1,0,0,0,0,1,0,0,0,0,0,0,0,0,0,0,0,0,2244,0,0,1,0,0,0,0,0,0,0,0,0,0,0,0,0,1,0,1,0,0,0,0,0,0,0,0,0,0,0,1,0,16256,2,0,0,0,0,0,0,0,0,0,0,0,0,0,0,0,0,0,0,0,0,0,1,0,0,0,0,0,0,0,0,0,0,4,0,0,0,0,0,0,0,0,0,1,0,0,1,0,0,0,0,0,0,6,0,0,0,0,0,0,0,0,0,1,0,0,0,0,0,0,0,0,0,0,0,0,0,0,0,0,0,0,0,0,0,2,0,0,0,2,0,1,2,0,0,0,0,0,0,0,0,1,0,7,0,0,1,3,0,10,5,4,0,0,0,2,0,1,0,1,1,0,0,0,0,1,2,0,0,0,0,0,1,50044,1,0
"13722.58cfa82fe4b0c9d6adf6b704",0,0,0,0,0,0,0,0,0,0,0,1,0,0,0,0,0,0,0,0,0,0,0,0,0,0,0,0,0,0,0,0,0,3,0,0,0,0,0,0,0,1,0,0,1,0,0,0,1,0,0,0,0,0,16025,0,0,0,0,0,0,0,0,0,0,0,0,0,1,0,1,0,0,0,0,0,0,0,0,0,0,0,0,0,0,2,0,6510,0,0,0,0,0,0,0,0,0,0,0,0,0,0,0,0,0,0,0,0,1,0,0,0,0,0,0,0,0,0,0,0,0,0,0,0,0,0,0,0,0,1,0,2,0,0,0,0,0,1,0,0,0,2,0,0,0,0,0,0,0,1,0,0,2,0,0,0,0,0,0,0,0,0,0,0,0,0,0,0,0,0,0,3,0,0,0,0,0,1,0,0,0,0,0,0,0,0,0,0,0,0,0,0,0,0,0,0,0,0,0,0,0,0,12,1,0,1,1,0,0,1,0,0,2,0,0,0,0,0,0,0,0,19780,0,0
"13722.58cfa82fe4b0c9d6adf6b6aa",1,0,0,0,1,1,0,0,0,0,0,1,0,0,0,0,0,2,0,0,0,0,0,0,0,0,0,0,0,1,0,0,0,4,0,0,0,1,0,0,0,0,0,2,0,0,1,0,0,0,0,0,0,0,9114,0,0,0,0,0,0,0,0,0,0,0,0,0,0,0,2,0,0,0,0,0,0,0,0,0,0,0,0,0,0,1,0,117,0,0,0,0,0,0,0,1,0,0,0,0,0,0,0,0,0,0,0,0,0,0,0,0,0,0,38,4,25,0,0,0,0,0,0,0,0,0,0,0,0,0,0,0,0,0,0,0,0,0,0,0,0,0,0,0,0,0,0,0,0,0,0,0,0,0,0,0,0,0,0,0,0,0,1,0,0,0,0,0,0,0,0,2,0,1,0,0,0,1,0,2,0,0,0,1,0,0,0,0,0,0,0,0,0,0,0,1,0,0,0,0,0,0,0,0,0,2,0,0,1,0,0,0,0,1,0,0,0,0,0,0,0,381,0,0
"13722.58cfa82fe4b0c9d6adf6b6de",0,0,0,0,0,1,0,0,0,0,0,1,0,0,0,0,0,2,0,0,0,0,0,0,0,0,0,0,1,0,1,0,0,2,0,0,1,0,0,0,0,0,0,4,1,0,0,0,0,0,0,0,0,0,12374,0,0,0,0,0,0,0,0,0,0,0,0,4,0,0,0,0,0,0,0,0,0,0,0,0,0,0,0,0,0,1,0,62,0,0,0,0,0,0,0,1,0,0,0,0,0,0,0,0,0,0,0,0,0,0,0,0,0,0,0,0,0,0,0,0,0,0,0,0,2,0,0,0,0,0,0,4,0,0,0,0,0,0,0,0,0,0,0,0,0,0,0,0,0,0,0,0,2,0,0,0,0,0,0,0,0,1,0,0,0,0,0,0,0,0,0,2,0,2,0,0,0,0,0,2,0,0,0,0,0,1,0,0,1,1,0,1,0,1,1,0,3,0,0,0,0,1,0,0,0,3,1,0,2,0,0,0,0,0,4,0,0,0,0,0,0,176,0,0
"13722.58cfa82fe4b0c9d6adf6b64b",0,0,0,0,1,2,1,0,0,0,0,1,0,0,0,0,0,0,0,0,2,0,1,1,17,0,0,0,1,0,1,0,0,1,0,0,0,1,1,0,0,0,0,0,1,0,1,0,1,0,0,0,0,0,4325,0,0,2,0,1,2,0,0,1,2,0,0,6,1,0,1,1,0,3,0,0,0,0,0,0,0,0,0,0,0,1,0,302882,64,0,0,0,0,0,0,0,0,0,0,0,0,0,1,0,0,1,0,0,0,0,1,0,0,0,0,0,0,0,0,0,0,3,2,2,0,0,0,0,0,0,0,9,0,0,0,0,0,1,0,0,0,4,0,0,0,0,0,0,0,5,0,1,0,0,4,0,0,0,0,0,0,0,0,1,0,0,0,2,0,0,0,1,0,2,0,0,0,1,0,1,1,0,0,0,0,0,0,0,0,3,0,3,0,1,4,0,1,4,2,0,0,0,19,1,0,1,0,6,3,1,0,0,2,0,4,0,0,0,0,0,5,619515,1,0
"13722.58cfa82fe4b0c9d6adf6b716",0,0,0,0,0,0,0,0,0,0,0,1,0,0,0,0,0,0,0,0,0,0,0,0,0,0,0,1,0,0,0,0,0,0,0,0,0,0,0,0,0,0,0,1,1,0,0,0,0,0,0,0,0,0,21206,0,0,0,0,0,0,0,0,1,0,0,0,0,0,0,0,0,0,1,0,0,0,0,0,0,0,0,0,0,0,0,0,6801,0,0,0,0,0,0,1,0,0,0,0,0,0,0,0,0,0,0,0,0,0,0,0,0,0,0,0,0,0,0,0,0,0,0,0,0,0,0,0,0,0,1,0,3,0,0,0,0,0,0,0,0,0,0,0,0,0,0,0,0,0,0,0,0,0,0,0,0,0,0,0,0,0,0,0,0,0,0,0,0,0,0,0,0,0,1,0,0,0,0,0,0,0,0,0,0,0,0,0,0,0,0,0,0,0,0,1,0,0,0,1,0,0,0,3,1,0,0,0,0,1,0,0,0,0,0,2,0,0,0,0,0,0,21914,0,0
"13722.58cfa82fe4b0c9d6adf6b790",0,0,0,0,0,0,1,0,0,0,0,0,0,0,0,0,0,0,0,0,1,0,0,0,0,0,0,0,0,0,1,0,0,1,0,2,0,0,0,0,0,0,0,3,2,0,0,0,0,0,0,0,0,0,26196,0,0,2,1,0,0,0,0,0,0,1,0,0,0,0,2,1,0,1,0,0,0,0,0,0,0,0,0,0,0,0,0,73,0,0,0,0,0,0,0,0,0,0,0,0,0,0,0,0,0,0,0,0,0,0,0,0,0,0,0,1,0,0,0,0,0,0,0,0,2,0,0,0,0,0,0,0,0,0,0,0,0,0,0,0,0,3,0,0,0,0,0,0,0,0,0,0,2,0,0,0,0,0,0,0,0,0,0,0,0,0,0,0,0,0,0,2,0,1,0,1,0,2,0,0,1,0,0,0,0,0,0,0,1,0,0,0,0,0,3,1,0,0,1,1,0,0,2,0,0,1,0,1,0,0,0,0,0,0,1,0,0,0,0,0,0,238,0,0
"13722.58cfa82fe4b0c9d6adf6b738",0,0,0,0,0,0,0,0,0,0,0,2,0,0,0,0,0,0,0,0,0,0,0,0,6,0,0,0,0,0,0,0,0,1,0,0,2,0,0,0,0,0,0,1,0,0,0,0,0,0,0,0,0,0,6482,1,0,1,0,0,0,0,0,0,0,0,0,1,0,1,1,0,0,6,0,0,0,0,0,0,0,4,0,0,0,1,0,32803,11,0,0,0,0,0,0,0,0,0,0,0,0,0,0,0,0,0,0,0,0,0,1,0,0,0,0,0,0,0,0,1,0,0,0,0,0,0,0,0,0,0,0,2,0,0,0,0,0,0,0,1,0,4,0,0,0,0,0,0,0,2,0,0,2,0,0,1,0,0,0,0,0,0,0,0,0,1,0,0,0,0,0,4,0,2,0,0,0,0,0,2,1,0,0,0,0,0,0,0,2,1,2,1,0,2,2,1,0,1,3,0,2,0,45,2,0,3,0,0,1,0,0,0,0,0,3,0,0,0,0,0,0,86830,0,0
"13722.58cfa82fe4b0c9d6adf6b7b6",0,0,0,0,0,1,0,0,0,0,0,0,0,2,0,6,0,0,0,0,1,0,1,0,0,0,0,1,0,0,1,0,0,3,0,0,1,0,0,0,0,0,0,0,0,0,0,0,0,0,0,0,0,0,4239,1,0,0,2,0,0,0,0,0,0,0,0,0,0,0,0,0,0,1,0,0,0,0,0,0,0,0,0,0,0,0,0,3254,0,0,0,0,0,0,0,2,0,0,0,0,0,0,0,0,0,0,0,0,2,0,0,0,0,0,0,0,0,0,0,0,0,0,1,0,0,0,0,0,0,0,0,1,0,0,0,0,0,0,0,0,0,0,0,0,0,0,0,0,0,1,0,0,0,0,0,0,0,0,0,0,0,0,0,0,0,0,0,0,0,0,0,2,0,3,0,0,0,1,0,1,0,0,0,1,0,0,0,0,0,0,0,0,0,1,0,0,0,2,1,0,0,0,22,0,0,0,0,0,2,0,0,1,1,1,4,0,0,0,0,0,0,9658,0,0
"13722.58cfa82fe4b0c9d6adf6b7d8",0,0,0,0,0,0,0,0,0,0,0,0,0,0,0,0,0,0,0,0,0,0,0,0,0,0,0,0,0,0,0,0,0,1,0,0,0,0,0,0,0,0,0,1,0,0,0,0,0,0,1,0,0,0,14160,0,0,0,0,0,0,0,0,0,0,0,0,0,0,0,0,0,0,0,0,0,0,0,0,0,0,0,0,0,0,0,0,467,0,0,0,0,0,0,0,0,0,0,0,0,0,0,0,0,0,0,0,0,0,0,2,0,0,0,0,0,0,0,0,0,0,0,0,0,0,0,0,0,0,0,0,0,0,0,0,0,0,0,0,0,0,0,0,0,0,0,0,0,0,0,0,0,0,0,0,0,0,0,0,0,0,0,0,0,0,0,0,0,0,0,0,3,0,2,0,0,0,0,1,1,0,0,0,0,0,0,0,0,0,0,0,0,0,0,0,2,1,0,0,1,0,0,2,0,0,1,0,0,1,0,0,0,1,0,1,0,0,0,0,0,0,1230,0,0
"13722.58cfa82fe4b0c9d6adf6b7c6",0,0,0,0,0,0,0,0,0,0,0,0,0,0,0,0,0,0,0,0,0,0,0,0,0,0,0,0,0,0,0,0,0,1,0,0,1,0,1,0,0,0,0,0,1,0,0,0,0,0,0,0,0,0,10194,0,0,2,0,0,0,0,0,0,0,0,0,0,0,0,1,0,0,1,0,0,0,0,0,0,0,0,0,0,0,0,0,11710,0,0,0,0,0,0,0,0,0,0,0,0,0,0,0,0,0,0,0,0,0,0,2,0,0,0,0,0,0,0,0,0,0,2,0,0,0,0,0,0,0,0,0,0,0,0,0,0,0,0,0,0,0,0,0,0,0,0,0,0,0,2,0,0,0,0,0,0,0,0,0,0,0,0,0,0,0,1,0,0,0,0,0,8,0,1,0,0,0,1,0,2,0,0,0,0,0,0,0,0,0,0,0,0,0,0,0,1,1,1,1,0,0,0,0,0,0,2,0,0,2,0,0,0,0,0,2,0,0,0,0,0,0,34515,0,0
"13722.58cfa82fe4b0c9d6adf6b8fe",0,0,0,0,0,0,0,0,0,0,0,0,0,0,0,0,0,0,0,0,0,0,0,0,0,0,0,0,0,0,0,0,0,3,0,3,1,0,0,0,0,0,0,0,0,0,0,0,2,0,0,0,0,0,13744,0,0,0,1,0,0,0,0,1,0,0,0,3,0,0,0,0,0,0,0,0,0,0,0,0,0,0,0,0,0,1,1,1,0,0,0,0,0,0,0,0,0,0,0,0,0,0,0,0,0,0,0,0,0,0,0,0,0,0,0,0,0,0,0,0,0,0,0,2,2,0,0,0,0,0,0,2,0,0,0,0,0,0,0,0,0,1,0,0,0,0,0,0,0,0,0,0,0,0,0,0,0,0,0,0,0,0,0,0,1,0,0,0,0,0,0,1,0,4,0,0,0,0,0,0,1,0,0,0,0,0,0,0,1,0,0,0,0,0,0,0,0,1,0,0,1,0,5,0,0,2,0,0,0,0,0,0,1,0,1,0,0,0,0,0,0,2,0,0
"13722.58cfa82fe4b0c9d6adf6b88d",0,0,0,0,0,0,0,0,0,0,0,0,0,0,0,0,0,0,0,0,0,0,0,0,0,0,0,0,1,0,0,0,0,1,0,0,2,0,0,0,0,0,0,1,1,0,0,0,0,0,1,0,0,0,12405,0,0,2,0,1,0,0,0,0,0,0,0,3,0,0,1,0,0,0,0,0,0,0,2,0,0,0,0,0,0,1,0,2643,0,0,0,0,0,0,0,1,0,0,0,0,0,0,0,0,0,0,0,0,0,0,1,0,0,0,0,0,0,0,0,0,0,0,0,0,0,0,0,0,0,0,0,2,0,0,0,0,0,0,0,0,0,0,0,0,0,0,0,0,0,0,0,1,0,0,0,0,0,0,1,0,0,0,0,1,0,0,0,0,0,0,0,2,0,3,0,0,0,0,0,1,0,0,0,1,0,0,0,0,0,0,0,0,0,0,0,0,1,1,1,0,0,0,0,0,0,0,0,0,0,0,0,0,0,0,1,0,0,0,0,0,0,7867,0,0
"13722.58cfa82fe4b0c9d6adf6b8b3",0,0,0,0,0,0,1,0,0,0,0,1,0,0,0,0,0,0,0,0,0,0,0,1,2,0,0,0,1,0,0,0,0,5,0,0,0,4,0,0,0,0,0,1,0,1,2,0,1,0,2,0,0,0,3916,0,0,2,0,0,0,0,0,2,0,0,0,1,0,0,2,0,0,3,0,1,0,0,0,0,0,0,0,0,0,4,0,11783,2,0,0,0,0,0,0,0,3,0,0,0,0,0,0,0,0,0,0,0,0,0,3,0,0,0,0,0,0,0,0,0,0,0,0,2,0,1,0,0,0,0,0,0,0,0,0,0,0,0,0,0,0,5,0,0,0,0,0,0,0,1,0,0,0,0,0,0,0,0,0,0,0,0,0,0,0,0,0,0,0,0,0,1,0,3,0,0,0,4,0,0,1,0,0,0,0,0,0,0,1,5,0,1,0,0,2,1,1,0,4,0,0,1,2,2,0,4,0,0,3,0,0,1,6,0,3,0,0,0,0,0,0,34929,0,0
"13722.58cfa82fe4b0c9d6adf6b903",0,0,0,0,0,0,0,0,0,0,0,0,0,0,0,0,0,0,0,0,0,0,0,0,2,0,0,1,0,0,1,0,0,1,0,0,0,0,0,0,0,0,0,1,1,0,0,0,0,0,0,0,0,0,8865,0,0,1,0,0,0,0,0,0,0,0,0,0,1,0,0,0,0,0,0,0,0,0,0,0,0,0,0,0,0,1,0,745,0,0,0,2,0,0,0,0,0,0,0,0,0,0,0,0,0,0,0,0,0,0,1,0,0,0,0,0,0,0,0,0,0,0,0,0,0,0,0,0,0,0,0,1,0,0,0,0,0,0,0,0,0,0,0,0,0,0,0,0,0,1,0,0,0,0,0,0,0,0,0,0,0,0,0,0,0,0,0,0,0,0,0,5,0,1,0,0,0,0,0,0,0,0,0,0,0,0,0,0,0,0,0,0,0,0,0,0,0,0,0,0,1,0,7,2,0,0,0,0,0,0,0,0,0,0,0,0,0,0,0,0,0,2516,0,0
"13722.58cfa82fe4b0c9d6adf6b90e",0,0,0,0,0,0,0,0,0,0,0,2,0,0,0,0,0,0,0,0,0,0,0,0,2,0,0,0,0,0,0,0,0,1,0,0,0,1,0,0,0,0,0,1,2,0,0,0,0,0,0,0,0,0,7774,0,0,0,0,0,0,0,0,0,0,0,0,0,0,0,2,0,0,2,0,0,0,0,0,0,0,0,0,0,0,0,0,6743,0,0,0,0,0,0,0,2,0,0,0,0,0,0,0,0,0,1,0,0,0,0,0,0,0,0,0,0,0,0,0,0,0,0,0,0,0,0,0,0,0,1,0,2,0,0,0,0,0,0,0,0,0,3,0,0,0,0,0,0,0,1,0,0,0,0,0,0,0,0,0,0,0,0,0,0,0,0,0,0,0,0,0,3,0,1,0,0,0,1,1,0,0,0,0,0,0,0,0,0,0,1,0,2,0,0,2,0,2,2,0,0,0,0,4,1,0,1,0,1,0,0,0,0,0,0,0,0,0,0,0,0,0,21076,0,0
"13722.58cfa82fe4b0c9d6adf6b912",0,0,1,0,0,0,0,0,1,0,0,0,0,0,0,0,0,0,0,0,1,0,1,1,0,0,0,0,0,0,0,0,0,1,0,0,1,1,0,2,0,0,0,2,0,0,0,0,0,0,0,0,0,0,8614,0,0,1,0,0,0,0,0,0,0,0,0,1,0,0,0,0,0,2,0,0,0,0,0,0,0,0,0,0,0,0,0,9555,0,0,0,0,0,0,0,0,0,0,0,0,0,0,0,0,0,0,0,0,0,1,0,0,0,0,0,0,0,0,0,0,0,0,0,0,0,0,0,0,0,0,0,2,0,0,0,0,0,1,0,0,0,1,0,0,0,0,0,0,0,2,0,0,0,0,0,0,0,1,0,0,0,0,0,0,1,0,0,0,0,0,0,3,0,0,0,0,0,0,0,0,0,0,0,0,0,0,0,0,0,0,0,1,0,0,0,1,0,2,0,0,1,0,3,0,0,0,0,0,1,0,0,0,1,0,0,0,0,0,0,0,0,31326,0,0
"13722.58cfa82fe4b0c9d6adf6b7c4",1,0,2,0,0,1,1,0,0,0,0,6,0,0,0,0,0,0,0,0,4,0,2,2,78,0,0,0,0,1,4,0,0,9,0,1,1,6,1,0,0,0,1,7,3,0,1,0,5,0,1,0,0,0,16439,0,0,7,1,2,0,0,0,5,0,0,0,0,0,0,3,0,0,2,0,0,0,0,0,0,0,1,1,11,0,17,0,33224,167,0,0,0,0,0,0,1,0,0,0,0,0,0,0,0,0,0,0,0,0,0,4,0,0,0,0,2,0,0,0,0,0,2,0,0,2,1,0,0,0,0,0,1,0,1,1,0,0,0,0,0,0,19,0,0,0,0,0,0,0,1,0,1,0,0,0,0,1,0,1,0,0,0,0,0,0,0,0,2,0,1,0,4,0,4,1,2,0,4,0,0,4,0,0,0,2,0,0,1,2,4,1,6,3,1,9,10,2,13,6,5,1,1,41,9,0,8,0,0,4,1,0,8,4,0,7,0,0,0,0,0,2,89680,0,0
"13722.58cfa82fe4b0c9d6adf6b5f4",0,0,0,0,0,0,0,0,0,0,0,0,0,0,0,0,0,0,0,0,0,0,0,0,2,0,0,0,0,0,3,0,0,2,0,0,0,0,0,0,0,0,0,3,3,0,0,0,0,0,0,0,0,0,24049,0,0,1,0,1,0,0,0,0,0,1,0,0,0,0,1,0,0,3,0,0,0,0,0,0,0,0,0,0,0,0,1,47,0,0,0,0,0,0,0,0,0,0,0,0,0,0,0,0,0,0,0,0,0,1,0,0,0,0,0,0,0,0,0,0,0,0,0,0,3,0,0,0,0,1,0,0,0,0,0,0,0,1,0,0,0,1,0,0,0,0,0,0,0,0,0,0,1,0,0,0,0,0,0,0,0,0,0,0,0,0,0,0,0,0,0,0,0,1,0,0,0,0,0,2,0,0,0,0,0,0,0,0,3,1,0,0,0,0,1,2,2,0,0,0,0,0,2,0,0,1,0,1,0,0,0,0,0,0,2,0,0,0,0,0,0,151,0,0
"13722.58cfa82ee4b0c9d6adf6ae62",0,0,0,0,0,0,0,0,0,0,0,0,0,0,0,0,0,0,0,0,1,0,0,0,4,0,0,0,0,0,0,0,0,2,0,0,0,0,0,0,0,0,0,0,0,0,1,0,1,0,0,0,0,0,2629,0,0,0,0,0,1,0,0,1,0,0,0,0,0,0,1,1,0,1,0,0,0,0,0,0,0,0,0,0,0,0,1,2,0,0,0,0,0,0,0,0,0,0,0,0,0,0,0,0,0,0,0,0,0,0,0,0,0,0,0,0,0,0,0,0,0,0,0,0,0,0,0,0,0,0,0,1,0,0,0,0,0,0,0,0,0,1,0,0,0,0,0,0,0,0,0,0,0,0,0,0,0,0,0,0,0,0,0,0,0,0,0,0,0,0,0,0,0,2,0,0,0,2,0,1,0,0,0,0,0,0,0,0,0,0,1,0,0,1,0,0,0,0,0,0,0,0,1,0,0,0,0,0,0,0,0,0,0,0,0,0,0,0,0,0,0,5,0,0
"13722.58cfa82ee4b0c9d6adf6ae74",0,0,0,0,0,0,0,0,0,0,0,0,0,0,0,0,0,0,0,0,0,0,0,0,0,0,0,0,0,0,0,0,0,1,0,0,1,0,0,0,0,0,0,1,0,0,0,0,0,0,0,0,0,0,6583,0,0,0,0,0,0,0,0,0,0,0,0,1,0,0,0,0,0,2,0,0,0,0,0,0,0,0,0,0,0,0,0,456,0,0,0,0,0,1,0,0,0,0,0,0,0,0,0,0,0,0,0,0,0,0,0,0,0,0,0,0,0,0,0,0,0,0,0,0,0,0,0,0,0,0,0,0,0,0,0,0,0,0,0,0,0,1,0,0,0,0,0,0,0,0,0,0,0,0,0,0,0,0,0,0,0,0,0,0,0,0,0,0,0,0,0,0,0,0,0,0,0,0,0,1,1,0,0,0,0,0,0,0,1,0,0,0,0,0,0,0,0,0,0,0,0,1,2,1,0,3,0,0,0,0,0,0,0,0,1,0,0,0,0,0,2,1154,0,0
"13722.58cfa82ee4b0c9d6adf6ae68",0,0,0,0,0,0,0,0,0,0,0,0,0,0,0,0,0,0,0,0,0,0,0,0,0,0,0,0,0,0,0,0,0,1,0,0,0,0,0,0,0,0,0,0,0,0,0,0,0,0,0,0,0,0,6433,0,0,0,1,0,0,0,0,0,0,0,0,0,0,0,0,0,0,0,0,0,0,0,0,0,0,0,0,0,0,0,0,774,0,0,0,0,0,0,0,0,0,0,0,0,0,0,0,0,0,0,0,0,0,0,1,0,0,0,0,0,0,0,0,0,0,0,0,0,0,0,0,0,0,0,0,0,0,0,0,0,0,0,0,0,0,0,0,0,0,0,0,0,0,0,0,0,0,0,0,0,0,0,0,0,0,0,0,0,0,0,0,0,0,0,0,1,0,1,0,0,0,0,0,0,0,0,0,0,0,0,0,0,0,0,1,0,0,0,0,0,0,0,0,0,0,0,2,0,0,0,0,0,0,0,0,0,0,0,0,0,0,0,0,0,0,1728,0,0
"13722.58cfa82ee4b0c9d6adf6afe6",0,0,0,0,0,0,0,0,0,0,0,0,0,0,0,0,0,0,0,0,0,0,0,0,0,0,0,0,0,0,1,0,0,1,0,0,0,0,0,0,0,0,0,1,1,0,0,0,0,0,0,0,0,0,7612,0,0,2,0,0,0,0,0,0,0,0,0,0,0,0,1,0,0,0,0,0,0,0,0,0,0,0,0,0,0,1,0,68,0,0,0,0,0,0,0,0,0,0,0,0,0,0,0,0,0,0,0,0,0,0,0,0,0,0,0,0,0,0,0,0,0,0,0,0,1,0,0,0,0,0,0,0,0,0,0,0,0,1,0,0,0,0,0,0,0,0,0,0,0,0,0,0,0,0,0,0,0,0,0,0,0,0,0,0,0,0,0,0,0,0,0,0,0,0,0,0,0,0,0,1,0,0,0,0,0,0,0,0,1,0,1,0,0,0,0,0,1,0,0,0,1,0,0,0,0,0,0,0,0,0,0,0,0,0,0,0,0,0,0,0,0,171,0,0
"13722.58cfa82fe4b0c9d6adf6b624",0,0,0,0,0,0,0,0,0,0,0,0,0,0,0,0,0,0,0,0,0,0,0,0,0,0,0,0,0,0,0,0,0,0,0,0,1,0,0,0,0,0,0,0,0,0,0,0,0,0,0,0,0,0,913,0,0,0,0,1,0,0,0,0,0,0,0,0,0,0,0,0,0,0,0,0,0,0,0,0,0,0,0,0,0,1,0,4547,0,0,0,0,0,0,0,0,0,0,0,0,0,0,0,0,0,0,0,0,0,0,0,0,0,0,0,0,0,0,0,0,0,0,0,0,0,0,0,0,0,0,0,0,0,0,0,0,0,0,0,0,0,0,0,0,0,0,0,0,0,1,0,0,0,0,0,0,0,0,0,0,0,0,0,0,0,0,0,0,0,0,0,0,0,3,0,0,0,0,0,0,0,0,0,0,0,0,0,0,0,0,0,0,0,0,0,0,0,0,0,0,0,0,0,0,0,1,0,0,0,0,0,0,0,0,0,0,0,0,0,0,0,7886,0,0
"13722.58cfa82fe4b0c9d6adf6b5da",0,0,0,0,0,0,0,0,0,0,0,0,0,0,0,0,0,0,0,0,0,0,0,0,0,0,0,0,0,0,0,0,0,1,0,0,0,0,0,0,0,0,0,1,1,0,0,0,0,0,0,0,0,0,3908,0,0,0,0,0,0,0,0,0,0,0,0,0,0,0,0,0,0,3,0,0,0,0,0,0,0,0,0,0,0,0,0,18,0,0,0,0,0,0,0,0,0,0,0,0,0,0,0,0,0,0,0,0,0,0,0,0,0,0,0,0,0,0,0,0,0,0,0,0,0,0,0,0,0,0,0,1,0,0,0,0,0,0,0,0,0,0,0,0,0,0,0,0,0,0,0,0,0,0,0,0,0,0,0,0,0,0,0,0,0,2,0,0,0,0,0,3,0,0,0,0,0,0,1,0,0,0,0,0,0,0,0,0,1,1,0,0,0,0,0,1,0,0,0,0,0,0,3,0,0,3,0,0,1,0,0,0,0,0,0,0,0,0,0,0,0,34,0,0
"13722.58cfa82fe4b0c9d6adf6b5e4",0,0,0,0,0,0,0,0,0,0,0,0,0,0,0,0,0,0,0,0,0,0,0,0,0,0,0,0,0,1,0,0,0,1,0,0,0,0,0,0,0,0,0,0,2,0,0,0,0,0,0,0,0,0,1314,0,0,1,0,0,0,0,0,1,0,0,0,0,0,0,0,0,0,1,0,0,0,0,0,0,0,0,0,0,0,1,0,3,0,0,0,0,0,0,0,0,0,0,0,0,0,0,0,0,0,0,0,0,0,0,0,0,0,0,0,0,0,0,0,0,0,0,0,0,0,0,0,0,0,0,0,0,0,0,0,0,0,0,0,0,0,0,0,0,0,0,0,0,0,0,0,0,0,0,0,0,0,0,0,0,0,0,0,1,0,0,0,0,0,0,0,1,0,1,0,1,0,0,0,0,0,0,0,0,0,0,0,0,0,2,1,0,0,0,1,0,0,0,0,0,0,0,0,0,0,0,0,0,0,0,0,0,1,0,0,0,0,0,1,0,0,7,0,0
"13722.58cfa82fe4b0c9d6adf6b617",0,0,0,0,0,1,0,0,0,0,0,1,0,2,0,0,0,0,0,0,0,0,0,0,0,0,0,0,0,0,0,0,0,0,0,0,0,0,0,0,0,0,0,1,0,0,0,0,0,0,0,0,0,1,2518,0,0,1,0,4,0,0,0,0,0,0,0,0,0,0,0,0,0,2,0,0,0,0,0,0,0,2,0,0,0,3,0,393,0,0,0,0,0,0,0,1,0,0,0,0,0,0,0,0,0,0,0,0,0,0,1,0,0,0,1,0,0,0,0,0,0,0,0,0,2,0,0,0,0,0,0,0,0,0,0,0,0,1,0,0,0,7,0,0,0,0,0,0,0,0,0,0,2,0,1,0,0,0,0,0,0,0,0,1,0,0,0,0,0,0,1,0,0,0,0,0,0,0,0,0,1,0,0,0,0,0,0,0,0,1,0,0,0,0,2,6,0,1,0,1,0,0,0,2,0,3,0,1,2,0,0,1,0,0,2,0,0,0,0,0,1,2289,0,0
"13722.58cfa82fe4b0c9d6adf6b694",0,0,0,0,0,1,0,0,0,0,0,0,0,1,0,0,0,0,0,0,0,0,0,1,0,0,0,0,0,0,0,0,0,0,0,0,0,0,1,0,0,0,0,1,0,0,0,0,0,0,0,0,0,0,8102,0,0,0,0,0,0,0,0,0,0,0,0,0,0,0,0,0,0,2,0,0,0,0,0,0,0,0,0,0,0,0,0,9632,0,0,0,0,0,0,0,0,0,0,0,0,0,0,0,0,0,0,0,0,0,0,0,0,0,0,0,1,0,0,0,0,0,0,0,0,0,0,0,0,0,0,0,0,0,0,0,0,0,0,0,0,0,0,0,0,0,0,0,0,0,1,0,0,0,0,0,0,0,0,0,0,0,0,0,0,1,0,0,0,0,0,0,2,0,0,0,0,0,0,0,0,0,0,0,0,0,0,0,0,0,1,1,0,0,0,1,0,1,0,0,0,0,0,2,0,0,2,0,0,0,0,0,0,1,1,0,0,0,0,0,0,2,21175,4,0
"13722.58cfa82fe4b0c9d6adf6b67d",0,0,0,0,0,0,0,0,0,0,0,0,0,0,0,1,0,0,0,0,0,0,1,0,0,0,0,0,0,0,0,0,2,3,0,0,0,0,0,0,0,0,0,1,0,0,0,0,0,0,0,0,0,0,5306,0,0,0,0,0,0,0,0,1,0,0,0,0,0,0,0,0,0,1,0,0,0,0,0,0,0,0,0,0,0,0,0,36274,0,0,0,0,0,0,0,0,0,0,0,0,0,0,0,0,0,0,0,0,0,0,1,0,0,0,0,0,0,0,0,0,0,0,0,0,0,0,0,0,0,0,0,0,0,0,0,0,0,0,0,0,0,2,0,0,0,0,1,0,0,1,0,0,0,0,0,0,0,0,0,0,0,0,0,0,0,0,0,0,0,0,0,2,0,0,0,0,0,0,0,1,0,0,0,1,0,0,0,0,0,2,0,0,0,0,0,0,0,0,0,0,0,0,13,0,0,3,0,0,1,0,0,0,0,0,0,0,0,0,0,0,4,78678,2,0
"13722.58cfa82fe4b0c9d6adf6b726",0,0,0,0,0,0,0,0,0,0,0,1,0,0,0,0,0,0,0,0,0,0,1,0,0,0,0,0,0,0,0,0,0,0,0,0,0,0,0,0,0,0,0,1,1,0,0,0,0,0,0,0,0,0,1231,0,0,0,0,0,0,0,0,0,0,0,0,2,0,0,1,0,0,0,0,0,0,0,0,0,0,0,0,0,0,0,0,9805,0,0,0,0,0,0,0,0,0,0,0,0,0,0,0,0,0,0,0,0,0,0,1,0,0,0,0,0,0,0,0,0,0,0,0,0,0,0,0,0,0,0,0,1,0,0,0,0,0,0,0,0,0,1,0,0,0,0,0,0,0,1,0,0,0,0,0,0,0,0,0,0,0,0,0,0,0,0,0,0,0,0,0,1,0,3,0,1,0,0,0,0,0,0,0,0,0,0,0,0,0,0,0,0,0,0,0,1,0,0,0,0,0,0,0,0,0,1,0,0,0,0,0,3,0,0,1,0,0,0,0,0,0,16955,0,0
"13722.58cfa82fe4b0c9d6adf6b7b0",0,0,0,0,0,0,0,0,0,0,0,0,0,0,0,0,0,0,0,0,0,0,0,0,2,0,0,0,0,0,0,0,1,2,0,0,0,1,1,0,0,0,0,0,0,0,0,0,1,0,0,0,0,0,3881,0,0,0,0,0,0,0,0,0,0,0,0,1,0,0,0,0,0,0,0,0,0,0,0,0,0,1,0,0,0,0,1,29773,0,0,0,0,0,0,0,0,0,0,0,0,0,0,0,0,0,0,0,0,0,0,1,0,0,0,0,0,0,0,0,0,0,0,0,0,0,0,0,0,0,0,0,0,0,2,0,0,0,0,0,0,0,0,0,0,0,0,0,0,0,1,0,0,0,0,0,0,0,0,0,0,0,0,0,0,0,0,0,0,0,0,0,1,0,2,0,0,0,0,0,0,0,0,0,0,0,0,0,0,0,0,0,0,1,1,0,0,0,0,0,0,0,0,18,0,0,2,0,0,0,0,0,0,0,0,1,0,0,0,0,0,4,63268,4,0
"13722.58cfa82fe4b0c9d6adf6b797",0,0,0,0,0,0,0,0,0,0,0,0,0,0,0,0,0,0,0,0,1,0,0,0,0,0,0,0,0,0,0,0,0,1,0,0,0,0,0,0,0,0,0,1,2,0,0,0,0,0,0,0,0,0,5713,1,0,1,2,0,0,0,0,0,0,0,0,1,0,0,0,0,0,2,0,0,0,0,0,0,0,2,0,0,0,1,0,18026,0,0,0,0,0,0,0,1,0,0,0,0,0,0,0,0,1,0,0,0,0,0,0,0,0,0,0,0,0,0,0,0,0,0,0,0,0,0,0,0,0,0,0,1,0,0,0,0,0,0,0,0,0,0,0,0,0,0,0,0,0,1,0,0,0,0,0,0,0,0,0,0,0,0,0,0,0,0,0,0,0,0,0,3,0,2,0,0,0,0,0,0,0,0,0,0,0,0,0,1,0,0,0,0,0,0,2,0,0,0,0,0,0,0,0,0,0,0,0,0,1,1,0,0,0,0,2,0,0,0,0,0,2,37719,2,0
"13722.58cfa82fe4b0c9d6adf6b70c",0,0,0,0,1,1,0,0,0,0,0,0,0,0,0,0,0,0,0,0,1,2,0,0,0,0,0,1,0,0,0,0,2,1,0,0,1,0,0,0,0,0,0,1,0,0,0,0,0,0,0,0,0,0,4527,0,0,0,1,0,0,0,0,1,0,0,0,0,0,0,1,0,0,1,0,0,0,0,0,0,0,0,0,0,0,0,0,34377,0,0,0,0,2,0,0,0,0,0,0,0,0,0,0,0,0,0,0,0,0,0,0,0,0,0,0,0,0,0,0,0,0,0,0,0,0,0,0,0,0,0,0,0,0,0,0,0,0,1,0,0,0,1,0,0,0,0,0,4,0,0,1,0,1,0,0,0,0,0,0,0,0,0,0,0,0,0,0,0,0,0,0,4,0,1,0,0,0,0,0,0,0,0,0,0,0,0,0,0,0,0,0,1,0,0,0,0,0,2,0,3,0,0,1,0,0,1,0,0,1,0,0,0,0,2,1,0,0,0,0,0,0,78005,0,0
"13722.58cfa82fe4b0c9d6adf6b77c",0,0,1,0,0,1,0,0,0,0,0,1,0,0,0,0,0,0,0,0,0,1,0,0,0,0,0,0,0,0,0,0,1,2,0,0,0,0,0,0,0,0,0,3,0,0,0,0,1,0,0,0,0,0,1478,0,0,0,0,0,0,0,0,1,0,0,0,1,0,0,0,0,0,0,0,0,0,0,0,0,0,0,0,0,0,0,0,0,0,0,0,0,0,0,0,0,0,0,0,0,0,0,0,0,0,0,0,0,0,0,0,0,0,0,0,0,0,0,0,0,0,0,0,0,1,0,0,0,0,0,0,0,0,0,0,0,0,0,0,0,0,0,0,0,0,0,0,0,0,0,0,0,0,0,0,0,0,0,0,0,0,0,0,0,0,0,0,0,0,0,0,0,0,0,0,0,0,0,0,1,0,0,0,0,0,0,0,0,1,0,0,0,0,0,1,1,0,0,0,0,0,0,1,0,0,1,0,0,0,0,1,0,0,0,2,0,0,0,0,0,0,0,0,0
"13722.58cfa82fe4b0c9d6adf6b7da",0,0,0,0,0,1,0,0,0,0,0,2,0,0,0,0,0,0,0,0,0,0,0,0,0,0,0,0,1,1,0,0,0,3,1,0,0,0,1,0,0,0,0,1,0,0,0,0,0,0,0,0,0,0,2115,0,0,1,0,0,0,0,0,0,0,0,0,0,0,0,1,0,0,4,0,0,0,0,1,0,0,0,0,0,0,1,0,4277,0,1,0,0,0,0,0,0,0,0,0,0,0,0,0,0,0,0,0,0,0,0,1,0,0,0,0,0,0,0,0,0,0,0,0,0,0,0,0,0,0,0,0,0,0,0,0,0,0,0,0,0,0,0,0,0,0,1,0,0,0,1,0,0,0,0,0,0,0,0,0,0,0,0,0,0,1,2,0,0,0,0,0,0,0,36,0,0,0,0,0,0,0,0,0,0,0,0,0,0,0,0,1,0,0,1,0,0,0,0,2,0,0,0,0,0,0,2,0,0,0,0,0,1,0,0,1,0,0,0,0,0,0,10271,0,0
"13722.58cfa82fe4b0c9d6adf6b7d4",0,0,0,0,0,2,0,0,0,0,0,2,0,0,0,0,0,0,0,0,0,0,2,2,2,0,0,0,0,0,0,0,0,2,0,0,2,1,0,0,0,0,0,0,1,0,0,0,2,0,0,0,0,0,2781,0,0,2,0,0,0,0,0,0,0,0,0,1,0,0,1,2,0,4,0,0,0,0,0,0,0,0,0,0,0,2,0,727,0,0,0,0,0,0,0,1,0,0,0,0,0,0,0,0,0,1,0,0,1,0,4,0,1,0,0,0,0,0,0,0,0,0,0,0,0,0,0,0,0,0,0,2,0,0,0,0,0,0,0,0,0,8,0,0,0,0,0,0,0,1,0,0,1,0,0,0,0,0,0,0,0,1,0,2,0,0,0,0,0,0,0,1,0,2,0,2,0,2,0,0,2,0,0,0,0,0,0,0,0,2,0,0,1,1,2,3,0,3,1,0,0,1,1,1,0,1,2,2,2,0,0,0,1,0,1,0,0,0,0,0,1,4632,0,0
"13722.58cfa82fe4b0c9d6adf6b8b8",0,0,0,0,0,0,0,0,0,0,0,0,0,0,0,0,0,0,0,0,0,0,0,0,0,0,14,1,0,0,0,0,0,0,0,1,0,0,1,0,0,0,0,0,0,0,0,0,0,0,1,0,0,0,3795,0,0,0,0,0,0,0,0,0,0,0,0,0,0,0,0,0,0,1,0,0,0,0,5,0,0,0,0,0,0,0,0,61904,0,2,0,0,0,0,0,0,0,0,0,0,0,0,0,0,0,0,0,0,0,0,2,0,0,0,0,2,0,0,0,0,0,0,0,0,0,1,0,0,0,0,0,3,0,0,0,0,0,0,0,0,0,0,0,0,0,0,0,0,0,2,0,1,0,0,14,0,0,0,0,0,0,0,0,0,0,0,0,0,0,0,0,0,0,1,0,0,0,0,0,0,0,0,0,1,0,0,0,0,0,0,0,8,0,1,0,0,0,0,1,0,0,0,2,2,0,1,0,10,1,0,0,2,0,0,2,0,0,0,0,0,0,137772,0,0
"13722.58cfa82fe4b0c9d6adf6b914",0,0,0,0,0,0,0,0,0,0,0,0,0,0,0,0,0,0,0,0,0,0,0,0,0,0,0,0,0,0,0,0,0,2,0,0,0,0,0,0,0,0,0,0,0,0,0,0,0,0,0,0,0,0,5908,0,0,0,0,0,0,0,0,0,0,0,0,1,0,0,0,0,0,1,0,0,0,0,0,0,0,0,0,0,0,0,0,2510,0,0,0,0,1,0,0,0,0,0,0,0,0,0,0,0,0,0,0,0,0,0,1,0,0,0,0,0,0,0,0,0,0,0,0,0,0,0,0,0,0,0,0,1,0,0,0,0,0,0,0,0,0,0,0,0,0,0,0,0,0,0,0,0,0,0,0,0,0,0,0,0,0,0,0,0,0,0,0,0,0,0,0,1,0,0,0,0,0,0,0,1,0,0,0,0,0,0,1,0,0,0,1,0,0,0,0,0,0,0,1,0,0,0,0,0,0,0,0,0,0,0,0,0,0,0,2,0,0,0,0,0,0,6402,0,0
"13722.58cfa82fe4b0c9d6adf6b98e",0,0,0,0,0,0,0,0,0,0,0,1,0,0,0,0,0,0,0,0,0,0,0,0,0,0,0,0,0,0,0,0,0,0,0,0,0,0,0,0,0,0,0,1,1,0,0,0,0,0,0,0,0,0,5129,0,0,0,0,1,0,0,0,0,0,0,0,0,0,0,0,0,0,0,0,0,0,0,0,0,0,0,0,0,0,0,0,0,0,0,0,0,0,0,0,0,0,0,0,0,0,0,0,0,0,0,0,0,0,0,0,0,0,0,0,0,0,0,0,0,0,0,0,0,0,0,0,0,0,1,0,0,0,0,0,0,0,0,0,0,0,0,0,0,0,0,0,0,0,0,0,1,1,0,0,0,0,0,0,0,0,0,0,0,0,0,0,0,0,0,0,1,0,2,0,0,0,0,0,0,0,0,0,0,0,0,0,0,0,0,2,0,0,0,0,0,0,0,0,0,0,0,0,1,0,1,0,0,0,0,0,0,0,0,0,0,0,0,0,0,0,2,0,0
"13722.58cfa830e4b0c9d6adf6baf6",0,0,0,0,0,1,0,0,0,0,0,0,0,0,0,0,0,0,0,0,0,0,0,0,0,0,0,0,0,0,0,0,0,2,0,0,0,0,0,0,0,0,0,1,0,0,0,0,0,0,1,0,0,0,10864,0,0,0,0,0,0,0,0,0,0,0,0,0,0,0,0,0,0,1,0,0,0,0,0,0,0,0,0,0,0,0,0,1,0,0,0,0,0,0,0,0,0,0,0,0,0,0,0,0,0,0,0,0,0,0,0,0,0,0,0,0,0,0,0,0,0,0,0,0,0,0,0,0,0,0,0,0,0,0,0,0,0,0,0,0,0,0,0,0,0,0,0,0,0,0,0,0,0,0,0,0,0,0,0,0,0,0,0,1,0,0,0,0,0,0,0,1,0,1,0,0,0,0,0,0,0,0,0,0,0,0,0,0,2,0,0,0,0,0,1,1,0,0,0,0,1,0,0,0,0,0,0,0,0,0,0,0,0,0,1,0,0,0,0,0,0,3,0,0
"13722.58cfa830e4b0c9d6adf6bac2",0,0,0,0,0,0,0,0,0,0,0,0,0,0,0,2,0,0,0,0,0,0,0,0,0,0,0,0,0,0,0,0,1,2,0,2,0,0,2,0,0,0,0,0,0,0,0,0,0,0,0,0,0,0,3735,0,0,0,0,0,0,0,0,0,0,0,0,0,0,0,0,0,0,1,1,0,0,0,0,0,0,0,0,0,0,0,1,62388,0,0,0,0,0,0,0,0,0,0,0,0,0,0,0,0,0,0,0,0,0,0,0,0,0,0,0,0,0,0,0,0,0,0,0,1,0,0,0,0,0,0,0,0,0,0,0,0,0,0,0,0,0,1,0,0,0,0,0,0,0,1,0,0,0,0,0,0,0,0,1,0,0,0,0,0,1,0,0,0,0,0,0,1,0,0,0,0,0,0,0,0,0,0,0,0,0,0,0,0,0,1,0,1,0,0,0,0,0,4,0,0,0,0,7,0,0,0,0,0,0,0,0,1,0,0,2,0,0,0,0,0,6,123724,4,0
"13722.58cfa82ee4b0c9d6adf6afc4",0,0,0,0,0,0,0,0,0,0,0,1,0,0,0,0,0,0,0,0,0,0,0,0,0,0,0,0,0,0,0,0,0,2,0,0,0,0,0,0,0,0,0,0,0,0,0,0,0,0,0,0,0,0,5463,0,0,0,0,1,0,0,0,0,0,0,0,0,0,0,0,0,0,0,0,0,0,0,0,0,0,0,0,0,0,1,0,3849,0,0,0,0,0,0,0,0,0,0,0,0,0,0,0,0,0,0,0,0,0,0,0,0,0,0,0,0,0,0,0,0,0,0,0,0,0,0,0,0,0,0,0,1,0,0,0,0,0,0,0,0,0,0,0,0,0,0,0,0,0,0,0,0,0,0,0,0,0,1,0,0,0,0,0,0,0,0,0,0,0,0,0,0,0,3,0,0,0,0,0,0,0,0,0,0,0,0,0,0,0,0,0,0,0,0,0,0,0,0,0,0,0,0,4,0,0,1,0,0,0,0,0,0,0,1,0,0,0,0,0,0,0,8453,0,0
"13722.58cfa82ee4b0c9d6adf6ae48",0,0,0,0,2,2,0,0,0,0,0,4,0,0,1,0,0,0,0,0,3,0,0,1,25,0,1,0,1,0,1,0,1,8,0,0,3,0,1,0,0,0,0,1,3,0,1,0,2,0,1,1,1,0,12413,0,0,4,0,0,0,0,0,2,0,0,0,0,0,0,4,5,0,4,0,0,0,0,0,0,1,8,0,0,0,2,0,1653,62,0,0,0,0,0,0,0,0,0,0,0,0,0,0,0,0,0,0,0,0,0,6,0,0,0,0,8,1,0,0,0,0,163,0,0,0,24,0,0,0,0,1,1,0,1,17,4,0,3,0,0,0,205,0,0,0,0,0,0,0,1,2,27,1,0,0,0,0,0,0,0,0,0,1,0,0,0,0,0,0,2,3,2,0,3,0,0,6,26,0,2,52,0,1,0,1,0,5,0,3,54,0,54,2,19,16,139,4,90,80,81,1,2,8,83,0,7,1,12,5,1,0,135,8,17,9,3,0,0,0,0,0,7418,2,0
"13722.58cfa82fe4b0c9d6adf6b6fa",0,0,0,0,1,5,0,0,0,0,0,2,0,0,0,0,0,0,0,0,1,0,0,1,2,0,0,0,0,0,1,0,1,2,0,0,0,2,0,0,0,0,0,3,0,0,0,0,1,0,2,0,0,0,29563,0,0,1,1,4,0,0,0,0,0,0,0,0,1,0,1,0,0,0,0,0,0,0,0,0,0,0,0,0,0,2,0,942,0,0,0,0,0,0,0,0,0,0,0,0,0,0,0,0,0,0,0,0,0,0,3,0,0,0,0,0,0,0,0,0,0,0,0,0,1,0,0,0,0,0,0,0,0,1,0,0,0,0,0,0,0,1,0,0,0,0,0,0,0,0,0,0,2,0,0,0,0,0,0,0,0,1,0,0,0,0,0,0,0,0,0,4,0,3,0,0,0,0,0,0,0,0,1,0,0,0,0,1,1,0,0,0,0,1,0,1,0,0,1,0,0,0,4,2,0,4,0,2,2,0,0,2,1,1,2,0,0,0,0,0,1,3775,1,0
"13722.58cfa82fe4b0c9d6adf6b7de",0,0,0,0,0,4,0,0,0,0,0,1,0,1,0,0,0,0,0,0,1,0,0,1,0,0,0,0,0,0,2,0,0,2,0,0,0,2,0,0,0,0,0,3,2,0,1,0,2,0,0,0,0,1,14174,0,0,3,0,2,0,0,0,0,0,0,0,0,0,0,0,0,0,0,0,0,0,0,0,0,0,1,0,0,0,0,1,6,0,0,0,0,1,0,0,0,0,0,0,0,0,0,0,0,0,0,0,0,0,0,6,0,0,0,0,0,0,1,0,0,0,0,0,0,2,0,0,0,0,0,0,0,0,0,0,0,0,1,0,0,0,0,0,0,0,0,0,0,0,0,0,1,0,0,0,0,0,0,0,0,0,1,0,0,0,0,0,0,0,0,0,3,0,3,0,0,0,0,0,3,0,0,0,0,0,0,0,0,0,1,1,2,0,0,0,0,0,0,1,0,0,1,2,0,0,2,0,1,0,0,0,1,2,0,1,0,0,0,0,0,0,16,0,0
"13722.58cfa82fe4b0c9d6adf6b7fc",0,0,0,0,0,0,0,0,0,0,0,1,0,1,0,0,0,0,0,0,1,0,0,0,0,0,0,0,0,0,0,0,0,2,0,0,0,0,0,0,0,0,1,2,3,0,0,0,1,0,1,0,0,0,13530,0,0,0,1,0,0,0,0,0,0,1,0,0,0,0,0,1,0,0,0,0,0,0,0,0,0,0,0,0,0,0,0,630,6,0,0,0,0,0,0,0,0,0,0,0,0,0,0,0,1,0,0,0,0,1,3,0,0,0,0,0,0,0,1,0,0,6,0,0,1,1,1,0,0,1,0,2,0,0,2,1,0,0,0,0,0,39,0,0,0,0,0,0,0,0,0,1,1,0,0,0,0,0,0,0,0,0,1,0,0,0,0,0,0,0,1,3,0,3,0,0,0,5,0,1,7,0,0,0,0,1,1,0,1,4,0,6,1,2,2,5,2,19,4,5,0,0,0,4,0,1,0,2,0,1,0,2,3,0,1,0,0,0,0,0,0,2819,0,0
"13722.58cfa82fe4b0c9d6adf6b7f7",0,0,0,0,0,1,1,0,0,0,0,0,0,1,0,0,0,0,0,0,2,0,0,1,6,0,0,0,1,0,1,1,0,7,0,0,0,1,0,0,0,0,0,4,0,0,1,0,2,0,1,0,1,0,30063,0,0,1,0,0,0,0,0,3,0,0,0,2,1,0,1,1,0,1,0,0,0,0,0,0,0,3,0,0,0,0,0,1981,13,0,0,0,0,0,0,0,0,0,0,0,0,0,0,0,0,0,0,1,0,0,6,0,0,0,0,1,0,0,0,0,0,22,0,1,1,16,0,0,0,1,0,1,0,0,11,0,0,1,0,0,0,73,0,0,0,0,0,0,0,0,0,6,0,0,0,0,0,0,0,0,0,0,0,3,1,0,0,0,0,0,0,5,0,2,0,0,3,9,0,0,19,0,0,0,0,0,1,1,2,20,2,30,0,2,9,20,4,86,26,15,0,0,6,42,0,6,0,1,4,1,0,36,1,6,4,0,0,0,0,0,0,8411,0,0
"13722.58cfa82fe4b0c9d6adf6b800",0,0,1,0,1,0,0,0,0,1,0,2,0,0,0,0,0,0,0,0,0,0,0,0,28,0,0,1,0,0,1,0,1,4,0,1,0,1,1,0,0,0,1,6,3,0,1,0,2,0,1,0,0,0,9233,2,0,1,0,1,0,0,0,2,0,0,0,4,0,0,4,2,0,6,0,0,0,0,0,0,0,0,0,0,0,1,0,5107,52,0,0,0,0,0,0,0,2,0,0,0,0,0,0,0,0,0,0,1,1,1,2,0,0,0,0,6,0,0,0,0,0,39,0,0,1,23,0,0,0,1,0,2,0,0,25,0,0,2,0,0,0,176,0,0,0,0,0,0,0,0,1,8,0,1,1,0,0,0,0,0,0,0,1,0,0,0,0,2,0,2,0,0,0,3,0,1,3,11,0,3,27,0,0,2,0,0,1,0,1,49,1,54,4,3,13,20,4,258,56,23,2,0,28,112,0,5,0,6,4,0,2,49,2,11,5,7,2,0,0,0,4,20993,2,0
"13722.58cfa82fe4b0c9d6adf6b97c",0,0,0,0,0,1,0,0,0,0,0,0,0,0,0,0,0,0,0,0,1,0,2,1,0,0,0,0,0,0,0,0,0,4,0,0,1,0,0,0,0,0,1,0,0,0,0,0,1,0,2,0,0,0,21534,0,0,0,0,2,0,0,0,0,0,0,0,0,0,0,1,0,0,0,0,0,0,0,0,0,0,0,1,0,0,0,0,19,2,0,0,0,0,0,0,0,1,0,0,0,0,0,0,0,0,0,0,0,0,0,1,0,0,0,0,1,0,0,0,0,2,42,0,0,0,8,0,0,0,0,0,1,0,0,8,2,0,0,0,0,0,52,0,0,0,0,0,1,0,1,1,3,0,0,2,0,0,0,0,0,0,0,0,0,0,0,0,1,0,0,0,0,0,2,0,1,1,14,0,0,20,0,0,0,0,1,1,0,1,28,0,22,0,6,7,7,0,25,38,13,2,0,0,22,0,2,0,5,2,1,0,22,1,8,2,1,0,0,0,0,0,55,0,0
"13722.58cfa82fe4b0c9d6adf6b756",0,0,0,0,0,0,0,0,0,0,0,5,0,0,0,0,0,0,0,0,0,0,0,1,0,0,0,0,1,1,1,0,0,1,0,0,1,0,0,0,0,0,0,2,2,0,0,0,2,0,2,0,0,1,38252,0,0,3,0,0,0,0,0,0,0,0,0,8,0,0,1,0,1,1,0,0,0,0,0,0,0,0,0,0,0,0,0,0,0,0,0,0,0,0,0,2,0,0,0,0,0,0,0,0,0,0,0,0,0,0,1,0,0,0,0,0,0,0,0,0,1,0,0,0,4,0,0,0,0,0,0,1,0,0,0,0,0,0,0,0,0,0,0,0,0,0,0,0,0,0,0,0,2,0,0,1,0,0,0,1,0,0,0,2,0,0,0,0,0,0,0,1,0,2,0,0,0,0,0,1,0,0,0,0,0,0,0,0,1,0,2,0,0,0,0,1,1,0,1,0,1,0,1,1,0,2,0,1,5,0,0,0,0,0,1,0,0,0,0,0,0,3,0,0
"13722.58cfa82fe4b0c9d6adf6b9e2",0,0,2,0,0,1,0,0,0,0,0,3,0,0,0,0,0,0,0,0,2,0,2,0,11,0,2,0,1,0,1,0,0,4,0,0,0,1,0,0,1,0,2,2,4,0,0,0,0,0,0,0,0,0,15049,0,0,0,0,0,0,0,0,0,0,0,0,0,1,0,3,2,0,0,0,0,0,0,0,0,0,0,0,0,0,3,0,116,30,0,0,0,0,0,0,0,0,0,0,0,0,0,1,0,0,0,0,0,0,0,4,0,1,0,1,8,2,0,0,0,0,110,0,0,0,26,1,0,0,1,1,3,0,0,44,2,0,6,0,0,0,224,0,0,0,0,0,0,0,1,6,17,1,0,0,0,0,0,0,0,0,0,0,1,0,0,0,0,0,1,6,4,0,4,0,1,7,20,1,0,61,0,0,0,0,0,5,0,2,101,0,52,7,10,21,59,2,66,95,87,6,2,16,119,0,1,0,8,1,0,0,66,5,6,4,4,4,0,0,0,2,342,0,0
"13722.58cfa82fe4b0c9d6adf6b99a",0,0,0,0,0,0,0,0,0,0,0,1,0,1,0,0,0,0,0,0,0,0,0,0,6,0,0,0,0,0,0,0,0,0,0,0,0,1,0,0,0,0,5,1,2,0,0,0,0,0,2,0,0,1,19382,0,0,1,0,1,0,0,0,1,0,0,0,1,0,0,1,17,0,1,0,0,0,0,0,0,0,0,0,0,0,1,0,212,14,0,0,0,0,0,0,2,2,0,0,0,0,0,0,0,0,0,0,0,0,0,3,0,1,0,0,12,0,0,0,0,1,132,0,0,3,40,0,0,0,4,0,1,0,2,86,3,0,6,0,0,0,372,0,0,0,0,0,0,0,1,3,16,0,0,0,1,0,1,0,0,0,0,1,0,0,0,0,0,0,0,7,10,0,4,0,1,8,35,0,2,119,0,0,0,0,0,15,0,1,140,0,133,11,21,41,37,11,471,123,75,8,1,0,289,0,4,0,16,4,0,0,27,6,9,4,7,2,0,0,0,1,1014,0,0
"13722.58cfa82fe4b0c9d6adf6b5f0",0,0,1,0,0,0,0,0,0,0,0,2,0,0,0,0,0,0,0,0,0,0,0,0,0,0,0,1,0,0,0,0,0,1,0,1,0,1,0,0,0,0,0,1,0,0,0,0,1,0,0,0,0,0,11226,0,0,2,0,0,0,0,0,0,0,0,0,0,0,0,0,0,0,1,0,0,0,0,0,0,0,0,0,0,0,0,0,24,0,0,0,0,0,0,0,0,0,0,0,0,0,0,0,0,0,0,0,0,0,0,0,0,0,0,0,0,0,0,0,0,0,0,0,0,1,0,0,0,0,0,0,1,0,0,0,0,0,0,0,0,0,0,0,0,0,0,0,0,0,0,0,0,0,0,0,0,0,0,0,0,0,0,0,0,0,0,0,0,0,0,0,4,0,2,0,0,0,0,0,1,0,0,0,0,0,0,0,0,1,0,0,0,0,0,0,0,1,1,0,0,0,0,0,0,0,2,0,0,0,0,0,0,0,0,1,0,0,0,0,0,0,65,0,0
"13722.58cfa82ee4b0c9d6adf6ae5c",0,0,0,0,0,0,2,0,0,0,0,4,0,1,0,0,0,0,0,0,4,0,0,0,24,0,0,1,1,0,1,0,1,6,1,0,0,0,0,0,0,0,0,3,1,0,0,0,2,0,2,0,0,0,3327,0,0,4,1,0,0,0,0,3,0,0,0,1,0,2,3,1,0,2,0,0,0,0,0,0,0,1,0,0,0,10,0,22410,99,0,0,0,0,0,0,0,0,0,0,0,0,0,0,0,1,0,0,0,0,0,5,0,1,0,0,0,0,0,0,0,0,4,1,2,0,2,0,0,0,1,5,0,0,0,3,0,0,0,0,0,0,13,0,0,1,0,0,0,0,0,0,0,1,0,0,0,0,0,1,0,0,0,0,1,0,0,0,0,0,0,1,1,0,4,0,0,0,2,0,1,2,0,0,1,0,0,0,0,4,5,0,6,0,1,5,4,6,22,11,3,0,0,41,10,0,4,0,3,5,1,0,5,7,2,4,0,1,0,0,0,4,63108,1,0
"13722.58cfa82fe4b0c9d6adf6b5e6",0,0,0,0,0,0,0,0,0,0,0,1,0,0,0,0,0,0,0,0,0,0,0,0,0,0,0,0,0,0,1,0,0,0,0,0,0,0,0,0,0,0,0,1,0,0,0,0,1,0,0,0,0,0,13140,0,0,1,2,1,0,0,0,0,0,1,0,1,0,0,0,0,0,2,0,0,0,0,0,0,0,0,0,0,0,0,0,19,0,0,0,0,0,0,0,0,0,0,0,0,0,0,0,0,0,0,0,0,1,0,0,0,0,0,0,0,0,0,0,0,0,0,1,0,1,0,0,0,0,0,0,0,0,0,0,0,0,0,0,0,0,1,0,0,0,0,0,0,0,0,0,0,0,0,0,0,0,0,0,0,0,0,0,0,0,0,0,0,0,0,0,1,0,3,0,0,0,0,0,0,0,0,0,0,0,0,0,0,1,0,0,0,0,0,1,0,1,0,0,0,0,0,0,0,0,0,0,0,1,0,0,0,1,0,1,0,0,0,0,0,0,54,0,0
"13722.58cfa82ee4b0c9d6adf6b038",0,0,0,0,1,0,0,0,0,0,0,2,0,0,0,0,0,0,0,0,0,0,0,0,2,0,0,0,0,0,0,0,0,2,0,0,0,0,0,0,0,0,0,0,0,0,0,0,0,0,0,0,0,0,13712,0,0,2,0,0,0,0,0,1,0,0,0,0,0,0,0,0,0,0,0,0,0,0,0,0,0,0,0,0,0,0,0,6972,4,0,0,0,0,0,0,0,0,0,0,0,0,0,0,0,0,0,0,0,2,0,1,0,0,0,0,3,0,0,0,0,0,6,0,0,0,2,0,0,0,0,0,0,0,1,3,0,0,2,0,0,0,24,0,0,0,0,0,0,0,0,0,1,0,0,0,0,0,0,0,0,0,0,0,0,0,0,0,0,0,0,0,2,0,2,0,0,0,5,0,0,5,0,0,0,0,0,1,0,2,6,0,8,0,4,5,4,0,14,9,2,0,0,13,14,0,0,1,2,2,0,0,6,3,2,1,0,1,0,0,0,0,23686,0,0
"13722.58cfa82fe4b0c9d6adf6b6a2",0,0,0,0,0,0,3,0,0,0,0,1,0,9,0,0,0,0,0,0,0,0,0,0,0,0,0,0,0,2,0,0,0,3,0,0,0,0,0,0,0,0,0,0,0,0,0,0,1,0,0,0,0,0,20354,0,0,0,0,13,1,0,0,0,0,0,0,1,0,0,0,1,0,1,0,0,0,0,0,0,0,2,0,0,0,0,0,1,0,0,0,0,0,0,0,0,0,0,0,0,0,0,0,0,0,0,1,0,0,0,1,0,0,0,0,0,0,0,0,0,0,0,0,0,2,0,0,0,0,0,0,0,0,0,0,0,0,0,0,0,0,0,0,3,0,0,0,2,0,0,0,1,0,0,8,0,0,0,0,0,0,0,0,1,0,0,0,0,0,0,0,1,1,4,0,0,0,1,0,1,1,0,0,0,0,0,0,0,1,0,1,0,0,2,0,2,2,1,0,1,0,2,44,3,0,0,0,9,0,0,0,1,2,1,5,0,0,0,0,0,0,1,2,0
"13722.58cfa82fe4b0c9d6adf6b6be",0,0,0,0,0,0,0,0,0,0,0,0,0,0,0,0,0,0,0,0,1,0,1,0,0,0,0,0,0,0,1,0,0,0,0,0,0,2,0,0,0,1,0,3,2,0,0,0,0,0,1,0,0,1,16565,0,0,0,0,0,0,0,0,0,0,0,0,1,1,0,0,0,0,1,0,0,0,0,1,0,0,0,0,0,0,0,0,7,0,0,0,0,0,0,0,0,0,0,0,0,0,0,0,0,0,0,0,0,0,0,2,0,0,0,0,0,0,0,0,0,0,0,0,0,1,0,0,0,0,0,0,4,0,0,0,0,0,0,0,0,0,1,1,0,0,0,0,0,0,0,0,0,0,0,1,0,0,0,0,0,0,0,0,1,1,0,0,0,0,0,0,1,0,1,0,0,0,0,0,0,0,0,0,0,0,0,0,0,0,1,0,0,0,1,1,3,1,0,0,0,0,0,0,0,0,3,0,2,1,0,0,2,1,0,2,0,0,0,0,0,0,11,0,0
"13722.58cfa82ee4b0c9d6adf6b014",0,0,0,0,0,1,0,0,0,0,0,1,0,0,0,0,0,0,0,0,0,0,0,0,0,0,0,0,0,0,0,0,0,6,0,0,0,2,0,0,0,0,0,1,0,0,0,0,0,0,0,0,0,0,3570,0,0,4,0,1,0,0,0,1,1,0,0,0,0,0,1,0,0,0,0,0,0,0,0,0,0,0,0,0,0,1,0,7611,0,0,0,0,0,0,0,0,0,0,0,0,0,0,0,0,0,0,0,0,0,0,2,0,0,0,0,0,0,0,0,0,2,4,0,0,1,2,0,0,0,0,0,0,0,0,3,1,0,0,0,0,0,24,0,0,0,0,0,0,0,1,0,0,1,0,0,0,0,0,0,0,0,0,0,0,0,0,0,0,0,0,0,1,0,2,0,0,0,4,0,1,4,0,0,1,0,0,0,0,0,6,0,6,0,1,4,8,0,25,9,3,1,1,25,6,0,1,0,1,3,0,0,12,3,1,5,0,0,0,0,0,0,25911,0,0
"13722.58cfa82fe4b0c9d6adf6b6dc",0,0,1,0,0,0,0,0,0,0,0,1,0,0,0,0,0,0,0,0,0,0,0,0,0,0,0,0,0,0,0,0,1,2,0,0,0,0,0,0,0,0,0,3,2,0,0,0,1,0,0,0,0,0,13131,0,0,1,0,0,0,0,0,0,0,0,0,0,0,0,1,0,0,2,0,0,0,0,0,0,0,0,0,0,0,0,0,20,0,0,0,1,0,0,0,0,0,0,0,0,0,0,0,0,0,0,0,0,0,0,0,0,0,0,0,0,0,0,0,0,0,0,0,0,1,0,0,0,0,0,0,0,0,2,0,0,0,0,0,0,0,0,0,0,0,0,0,0,0,0,0,0,0,0,0,0,0,0,0,0,0,0,0,0,0,0,0,0,0,0,0,2,0,1,0,0,0,0,0,1,0,0,0,0,0,0,0,0,2,0,0,0,0,3,1,0,0,0,0,1,0,0,6,0,0,1,0,0,0,0,0,0,1,0,1,0,0,0,0,0,0,59,0,0
"13722.58cfa82fe4b0c9d6adf6b6d2",0,0,0,0,1,0,1,0,0,0,0,4,0,0,0,0,0,0,0,0,0,0,0,2,0,0,0,2,0,0,3,0,0,6,0,0,1,5,0,0,0,0,0,12,5,0,4,0,2,0,2,0,1,0,13945,0,0,10,0,1,0,0,0,3,0,0,0,1,0,0,6,0,0,0,0,0,0,0,0,0,0,0,0,0,0,0,0,0,0,0,0,0,0,0,0,0,0,0,0,0,0,0,0,0,0,0,0,0,0,0,6,0,0,0,0,5,0,0,0,0,0,0,0,0,4,0,0,0,0,0,0,2,0,0,0,0,0,1,0,1,0,8,0,0,1,0,0,0,0,4,0,0,0,0,0,0,0,0,1,0,0,0,0,0,2,0,0,0,0,1,0,0,0,1,1,1,0,1,1,4,0,0,0,0,0,0,0,0,4,1,0,0,0,0,4,8,6,1,3,0,1,2,0,1,0,12,0,0,5,1,1,2,7,1,9,0,0,0,0,0,1,0,0,0
"13722.58cfa82fe4b0c9d6adf6b6e4",0,0,0,0,0,0,0,0,0,0,0,0,0,1,0,0,0,0,0,0,0,0,0,0,0,0,0,0,0,0,0,0,0,1,0,0,0,0,0,0,0,0,0,0,0,0,0,0,0,0,0,0,0,0,13411,0,0,0,1,1,0,0,0,2,0,0,0,0,0,0,1,0,0,0,0,0,0,0,0,0,0,0,0,0,0,0,0,45,0,0,0,0,0,0,0,0,0,0,0,0,0,0,0,0,0,0,0,0,0,1,0,0,0,0,0,1,0,0,0,0,0,0,0,0,0,0,0,0,0,0,0,0,0,0,0,0,0,0,0,0,0,0,0,0,0,0,0,0,0,0,0,0,2,0,0,0,0,0,0,0,0,0,0,0,0,0,0,2,0,0,0,3,0,2,0,0,0,0,0,1,0,0,0,0,0,0,0,0,0,0,1,0,0,0,0,1,0,1,0,0,0,0,0,0,0,1,0,0,0,0,0,0,0,0,0,0,0,0,0,0,0,134,0,0
"13722.58cfa82fe4b0c9d6adf6b728",0,0,0,0,0,0,0,0,0,0,0,1,0,0,0,0,0,0,0,0,0,0,0,0,0,0,0,0,0,0,0,0,0,3,0,0,0,1,0,0,0,0,0,0,0,0,0,0,0,0,1,0,0,0,10081,0,0,1,0,0,0,0,0,0,0,0,0,4,0,0,2,0,0,1,0,0,0,0,0,0,0,0,0,0,0,0,1,60,0,0,0,0,0,0,0,0,0,0,0,0,0,0,0,0,0,0,0,0,0,0,2,0,0,0,0,0,0,0,0,0,0,0,0,0,0,0,0,0,0,0,0,2,0,0,0,0,0,1,0,0,0,1,0,0,0,0,0,0,0,0,0,0,0,0,0,0,0,0,0,0,0,0,0,0,0,0,0,0,0,0,0,3,0,4,0,0,0,0,0,0,0,0,0,0,0,0,0,0,1,0,0,0,0,0,1,0,2,0,1,0,0,0,0,1,0,1,0,0,0,0,0,1,0,0,2,0,0,0,0,0,0,236,0,0
"13722.58cfa82fe4b0c9d6adf6b70a",0,0,0,0,0,0,0,0,0,0,0,1,0,0,0,0,0,0,0,0,0,0,0,0,0,0,0,0,0,0,1,0,0,0,0,0,0,1,0,0,0,0,0,2,1,0,0,0,0,0,0,0,0,0,14385,0,0,1,0,0,0,0,0,0,0,0,0,1,0,0,1,0,0,1,0,0,0,0,0,0,0,0,0,0,0,0,0,33,0,0,0,0,0,0,0,1,0,0,1,0,0,0,0,0,0,0,0,0,0,0,2,0,0,0,0,0,0,0,0,0,0,2,0,0,1,0,0,0,0,0,0,0,0,0,0,0,0,2,0,0,0,0,0,0,0,0,0,0,0,1,0,0,2,0,0,0,0,0,0,0,0,0,0,0,0,0,0,0,0,0,0,1,0,1,0,0,0,0,0,1,0,0,0,0,0,0,1,0,0,1,0,0,0,1,0,0,1,1,2,2,0,1,2,1,0,3,0,0,0,0,0,0,1,0,2,0,0,0,0,0,1,64,0,0
"13722.58cfa82fe4b0c9d6adf6b780",0,0,1,0,1,0,0,0,0,0,0,0,0,0,0,0,0,0,0,0,0,0,0,2,0,0,0,0,0,0,0,0,0,2,0,0,0,1,0,0,0,0,0,2,2,0,0,0,0,0,0,0,0,0,17333,0,0,0,1,0,0,0,0,0,0,0,0,1,1,0,1,0,0,1,0,0,0,0,0,0,0,0,0,0,0,0,0,41,0,0,0,0,0,0,0,0,0,0,0,0,0,0,0,0,0,0,0,0,0,0,1,0,0,0,0,0,0,0,0,0,0,0,0,0,0,0,0,0,0,0,0,1,0,0,0,1,0,0,0,0,0,2,0,0,0,0,0,0,0,0,0,0,2,0,0,0,0,0,0,0,0,0,0,0,0,1,0,0,0,0,0,2,0,2,0,0,0,1,0,0,0,0,0,0,0,0,0,0,1,0,0,0,0,1,1,1,1,0,0,0,0,0,3,1,0,1,0,0,1,0,0,0,0,0,1,0,0,0,0,0,0,129,0,0
"13722.58cfa82fe4b0c9d6adf6b78c",0,0,0,0,0,0,0,0,0,0,0,0,0,0,0,0,0,0,0,0,0,0,1,0,0,0,0,0,0,0,0,0,0,1,0,0,0,0,0,0,0,0,0,0,0,0,1,0,2,0,2,0,0,0,16288,0,0,1,0,0,0,0,0,1,0,0,0,0,0,0,0,0,0,0,0,0,0,0,0,0,0,0,0,0,0,1,0,0,0,0,0,0,0,0,0,0,0,0,0,0,0,0,0,0,0,0,0,0,1,0,0,0,0,0,0,0,0,0,0,0,0,0,0,0,0,0,0,0,0,0,0,0,0,0,0,0,0,0,0,0,0,2,0,0,0,0,0,0,0,0,0,0,1,0,0,1,0,0,0,0,0,0,0,0,2,0,0,1,0,0,0,1,0,2,0,0,0,2,0,0,0,0,0,0,0,0,0,0,0,0,0,0,0,0,1,0,0,0,0,1,0,0,0,0,0,1,0,1,1,0,0,0,1,0,2,0,0,0,0,0,0,1,0,0
"13722.58cfa82fe4b0c9d6adf6b7d5",0,0,0,0,0,1,0,0,0,0,0,0,0,0,0,0,0,0,0,0,0,0,0,0,0,0,0,0,0,0,0,0,0,1,0,0,0,0,0,0,0,0,0,1,0,0,0,0,1,0,1,0,0,0,12088,0,0,0,0,0,0,0,0,0,0,0,0,0,0,0,0,0,0,0,0,0,0,0,0,0,0,0,0,0,0,0,0,127,0,0,0,0,0,0,0,0,0,0,0,0,0,0,0,0,0,0,0,0,0,0,0,0,0,0,0,0,0,0,0,0,0,1,0,0,0,0,0,0,0,0,0,0,0,0,0,0,0,0,0,0,0,1,0,0,0,0,0,0,0,0,0,0,1,0,0,0,0,0,0,0,0,0,0,1,0,0,0,0,0,0,0,3,0,2,0,0,0,1,0,0,0,0,0,0,0,0,0,0,0,0,0,1,0,1,2,1,0,0,0,0,0,0,0,0,0,1,0,1,1,0,0,0,0,0,0,0,0,0,0,0,0,389,0,0
"13722.58cfa82fe4b0c9d6adf6b8a7",0,0,0,0,0,0,0,0,0,0,0,0,0,0,0,0,0,2,0,0,0,0,0,0,0,0,0,0,0,0,1,0,1,0,0,0,0,1,0,0,0,0,0,2,0,0,0,0,0,0,0,0,0,0,18311,0,0,0,1,1,0,0,0,0,0,0,0,0,0,0,0,0,0,1,0,0,0,0,0,0,0,0,0,0,0,0,0,115,1,0,0,0,0,0,0,0,0,0,0,0,0,0,0,0,0,0,0,0,0,0,0,0,0,0,0,0,0,0,0,1,0,0,0,0,2,0,0,0,0,0,0,2,0,0,0,0,0,2,0,0,0,1,0,0,0,0,0,0,0,0,0,0,1,0,0,0,0,0,0,0,0,0,0,0,0,0,0,0,0,0,0,1,0,1,0,0,0,1,0,1,0,0,0,0,0,0,0,0,1,0,0,2,1,0,1,0,0,0,0,0,0,0,8,0,0,3,0,0,0,0,0,0,1,0,1,0,0,0,0,0,0,382,0,0
"13722.58cfa82fe4b0c9d6adf6b8ea",0,0,0,0,0,0,0,0,0,0,0,0,0,0,0,0,0,0,0,0,0,0,1,1,0,0,0,0,0,0,0,0,0,2,0,0,1,1,0,0,0,0,0,0,0,0,0,0,0,0,0,0,0,0,18276,0,0,1,0,0,0,0,0,0,0,0,0,1,0,0,1,0,0,4,0,0,0,0,0,0,0,0,0,0,0,1,0,0,0,0,0,0,0,0,0,0,0,0,0,0,0,0,0,0,0,0,0,1,2,0,0,0,0,0,0,0,0,0,0,0,0,0,0,0,0,0,0,0,0,0,0,2,0,0,0,0,0,0,0,0,1,1,0,0,0,0,0,0,0,0,0,0,0,0,0,0,0,0,0,0,0,0,0,1,1,0,0,0,0,0,0,3,0,2,0,0,0,0,0,0,0,0,0,1,0,0,0,0,0,0,0,0,0,0,0,2,0,0,0,0,0,0,2,0,0,2,0,1,0,0,0,0,1,0,2,0,0,0,0,0,0,0,0,0
"13722.58cfa82fe4b0c9d6adf6b82d",0,0,0,0,0,0,0,0,0,0,0,2,0,0,0,0,0,0,0,0,0,0,0,0,2,0,0,0,0,0,0,0,0,0,1,0,0,2,0,0,0,0,0,1,0,0,0,0,0,0,0,0,1,0,34707,0,0,2,0,2,0,1,0,0,0,0,0,0,0,0,0,0,0,0,0,0,0,0,0,0,0,0,0,0,0,0,0,3111,0,0,0,0,0,0,0,0,0,0,0,0,0,0,0,0,0,0,0,0,0,0,1,0,0,0,0,0,0,0,0,0,1,8,0,0,1,5,0,0,0,0,0,0,0,0,2,0,0,0,0,0,0,13,0,0,0,0,0,0,0,0,1,1,1,0,0,0,0,0,0,0,0,0,0,0,0,0,0,0,0,0,0,1,0,1,0,0,0,2,1,0,2,0,0,0,0,0,0,0,1,7,0,4,1,0,4,4,0,13,6,5,0,0,0,12,0,1,0,0,3,0,0,5,0,1,2,1,0,0,0,0,0,11573,0,0
"13722.58cfa82fe4b0c9d6adf6b762",0,0,0,0,0,0,0,0,0,0,0,1,0,0,0,0,0,0,0,0,2,0,0,0,26,0,0,0,0,1,0,0,0,5,0,0,1,1,0,0,0,0,0,0,3,0,0,0,1,0,0,0,0,0,6804,1,0,1,0,2,0,0,0,0,0,0,0,1,0,1,3,0,0,5,0,0,0,0,0,0,0,0,0,0,0,3,0,244404,52,0,0,0,0,0,0,0,0,0,0,0,0,0,0,0,0,0,0,0,0,0,3,1,0,0,0,0,0,0,0,0,0,1,1,8,1,0,0,0,0,0,0,1,0,0,0,0,0,0,0,0,0,2,0,0,0,0,0,0,0,6,0,0,0,0,0,0,0,0,0,0,0,0,0,0,0,0,0,0,0,0,0,4,0,3,0,0,0,0,1,1,0,0,0,0,0,0,0,0,2,2,0,2,1,1,5,2,1,5,5,0,0,0,8,1,0,2,0,2,4,1,0,1,2,0,3,0,0,0,0,0,0,524066,0,0
"13722.58cfa82fe4b0c9d6adf6b760",0,0,0,0,0,0,1,0,0,0,0,2,0,0,0,1,0,0,0,0,1,0,0,1,26,0,0,0,0,0,1,0,0,4,0,0,1,2,0,0,0,0,1,1,1,0,0,0,0,0,0,0,0,0,4771,0,0,1,1,0,0,0,0,0,0,0,0,1,0,2,0,0,0,3,0,0,0,0,1,0,0,0,0,0,0,2,0,269033,61,0,0,0,0,0,0,1,0,0,0,1,0,0,0,0,0,0,0,0,0,0,3,0,0,0,0,0,0,0,0,0,0,6,0,0,0,0,0,0,1,0,0,1,0,1,1,0,0,0,0,0,0,6,0,0,0,0,0,0,0,3,0,2,0,0,13,0,0,0,0,0,0,1,0,0,0,0,0,0,0,0,0,3,0,3,0,0,0,4,0,0,1,0,0,0,0,0,1,1,2,2,0,4,0,3,2,2,0,8,5,2,0,0,29,3,0,4,0,9,4,0,0,3,2,1,6,0,0,0,1,0,2,568189,2,0
"13722.58cfa82fe4b0c9d6adf6b9a8",0,0,1,0,1,0,1,0,0,0,0,1,0,0,0,0,0,0,0,0,0,1,0,0,0,0,0,2,0,0,0,0,0,0,0,0,0,0,0,0,0,0,0,0,1,0,0,0,0,0,0,0,0,0,15510,0,0,0,2,0,0,0,0,1,0,0,0,0,0,0,0,0,0,0,0,0,0,0,0,0,0,0,0,0,0,0,0,17,0,0,0,0,0,0,0,1,0,0,0,0,0,0,0,0,0,0,0,0,0,0,0,0,0,0,0,1,0,0,0,0,0,0,0,0,0,0,0,0,0,0,0,1,0,0,0,0,0,1,0,0,0,0,0,0,0,0,0,0,0,0,0,0,0,0,0,0,0,0,0,0,0,0,0,0,0,0,0,0,0,0,0,2,0,4,0,0,0,0,0,0,0,0,0,0,0,0,0,0,2,0,0,0,0,0,0,0,0,0,1,0,0,0,0,0,0,2,0,1,1,0,0,0,1,0,3,0,0,0,0,0,0,37,0,0
"13722.58cfa830e4b0c9d6adf6bada",0,0,1,0,0,0,0,0,0,0,0,0,0,0,0,0,0,0,0,0,0,0,0,2,0,0,0,0,0,0,0,0,0,5,0,0,0,1,0,0,0,0,1,1,0,0,0,0,1,0,0,0,0,0,17916,0,0,0,0,0,0,0,0,0,0,0,0,0,0,0,1,0,0,0,0,0,0,0,0,0,0,0,0,0,0,0,0,0,0,0,0,0,0,0,0,0,0,0,0,0,0,0,0,0,0,0,0,0,1,0,1,0,0,0,0,0,0,0,0,0,0,0,0,0,0,0,0,0,0,0,0,0,0,0,0,0,0,0,0,0,0,1,0,0,0,0,0,0,0,0,0,0,0,0,0,0,0,0,1,0,0,0,0,0,0,1,0,0,0,0,0,2,0,1,0,0,0,1,0,0,0,0,0,0,0,1,0,0,0,0,0,0,0,1,0,0,0,0,1,0,0,0,8,0,0,2,0,1,0,0,0,0,0,0,3,0,0,0,0,0,0,1,0,0
"13722.58cfa82fe4b0c9d6adf6b84c",0,0,0,0,2,0,1,0,0,0,0,3,0,0,0,0,0,0,0,0,1,0,0,0,12,0,0,0,1,0,1,0,0,2,0,3,0,1,1,0,0,0,0,4,1,0,2,0,0,0,0,0,0,0,7064,0,0,3,0,0,0,0,0,1,0,0,0,0,0,0,2,0,0,1,0,0,0,0,0,0,0,0,0,0,0,1,0,380209,70,0,0,0,1,0,0,0,0,0,0,0,0,0,0,0,0,0,0,0,0,0,4,0,0,0,0,1,0,0,0,0,0,5,0,0,1,1,0,0,0,0,0,1,0,0,2,0,0,0,0,0,0,15,0,0,0,0,0,0,0,9,0,0,0,0,0,0,0,0,1,2,0,0,1,0,0,2,0,0,0,2,0,2,0,0,0,0,0,4,0,1,4,0,0,0,0,0,0,0,1,5,0,4,0,0,5,2,2,3,7,3,2,2,22,5,1,1,0,1,6,0,0,1,6,1,6,0,0,0,0,0,5,800009,2,0
"13722.58cfa82fe4b0c9d6adf6b7ee",0,0,1,0,0,0,0,0,0,0,0,3,0,0,0,0,0,0,0,0,0,0,0,0,0,0,0,0,0,0,0,0,0,4,0,0,2,1,0,0,0,0,0,2,3,0,0,0,1,0,0,0,0,0,26907,1,0,1,0,0,0,0,0,2,0,0,0,0,0,0,1,2,0,0,0,0,0,0,0,0,0,0,1,0,0,0,0,9,2,0,0,0,0,0,0,0,0,0,0,0,0,0,0,0,0,0,0,0,0,0,2,0,0,0,0,5,0,0,0,0,0,19,0,0,1,4,0,0,0,2,0,1,0,0,11,2,0,2,0,0,0,50,0,0,0,0,0,0,0,0,2,1,2,0,0,0,0,0,0,0,0,1,0,0,0,0,0,0,0,0,2,6,0,2,0,0,0,6,0,1,13,0,0,2,0,0,5,0,1,10,0,18,1,5,5,4,4,23,25,11,1,0,0,27,0,1,0,0,4,0,0,4,1,3,3,0,1,0,0,0,0,27,0,0
"13722.58cfa82fe4b0c9d6adf6b668",0,0,0,0,0,1,0,0,0,0,0,3,0,0,0,0,0,0,0,0,0,0,0,0,0,0,0,0,1,0,1,0,0,1,0,3,2,2,0,0,0,0,0,0,2,0,1,0,1,0,0,0,1,0,20159,0,0,3,0,1,0,0,0,2,0,0,0,0,0,0,2,1,0,0,0,0,0,0,0,0,0,0,0,0,0,0,0,0,4,0,0,0,0,0,0,0,0,0,0,0,0,0,0,0,0,0,0,0,0,0,3,0,0,0,0,0,0,0,0,0,0,0,0,0,0,0,0,0,0,0,0,0,0,0,0,0,0,0,0,0,0,0,0,0,0,0,0,0,0,0,0,0,2,0,0,0,0,0,0,0,0,0,0,4,0,0,0,0,0,0,0,1,0,2,0,0,0,0,0,1,0,0,0,0,0,0,0,0,2,1,2,0,0,0,1,2,2,0,2,0,0,0,4,2,0,2,0,0,3,1,0,0,2,0,3,0,0,1,0,0,0,1,0,0
"13722.58cfa82fe4b0c9d6adf6b7fe",0,0,0,0,77,2,1,0,0,0,0,3,0,0,0,0,0,0,0,0,2,0,0,1,6,0,0,0,0,0,2,0,1,3,0,15,3,1,0,0,0,0,1,1,0,0,0,0,0,0,0,0,1,2,18648,0,0,3,1,2,0,0,0,1,0,2,0,0,0,0,3,1,0,2,0,0,0,0,0,0,0,1,0,0,0,2,0,157,24,0,0,0,0,0,0,0,4,0,0,0,0,0,0,0,0,0,0,0,0,0,8,0,0,0,0,3,0,2,0,0,2,16,0,0,1,20,0,0,0,1,0,1,0,0,12,0,0,1,0,0,0,69,0,0,1,0,0,0,0,0,1,3,0,1,0,0,0,0,0,0,0,1,0,0,0,2,0,1,0,1,4,4,0,3,0,0,1,12,0,1,18,6,0,0,0,0,2,0,2,21,2,26,2,6,7,12,2,86,35,13,0,0,16,61,0,2,0,6,4,0,0,14,1,6,3,1,0,6,0,0,0,733,0,0
